Radius,Volume,Ace2.fraction,Ace2.bud8.fraction
1.004269623,4.24267328,0.0000012,0.00000081
1.012845329,4.352291733,0.0000016,0.00000055
1.021494265,4.464742411,0.00000097,0.00000028
1.030217057,4.58009849,0.0000013,0.00000087
1.039014334,4.698435038,0.0000014,0
1.047886734,4.819829062,0.0000011,0
1.056834897,4.944359557,0.0000011,0
1.065859471,5.072107561,0.00000084,0.00000064
1.074961108,5.203156206,0.0000013,0
1.084140466,5.33759077,0.0000014,0.00000034
1.093398208,5.475498736,0.00000098,0
1.102735005,5.616969846,0.0000015,0.00000071
1.112151531,5.762096162,0.00000059,0
1.121648468,5.910972124,0.0000011,0
1.1312265,6.063694612,0.00000077,0
1.140886322,6.220363009,0.000001,0.000002
1.150628632,6.381079266,0.00000057,0
1.160454134,6.545947968,0.0000011,0
1.170363538,6.715076402,0.00000068,0
1.18035756,6.888574628,0.0000011,0.00000044
1.190436925,7.066555548,0.0000016,0.0000009
1.200602359,7.249134981,0.00000074,0
1.210854599,7.436431742,0.0000012,0.00000047
1.221194385,7.628567711,0.0000011,0
1.231622465,7.82566792,0.000001,0.00000099
1.242139593,8.02786063,0.0000013,0
1.252746529,8.235277417,0.0000014,0
1.26344404,8.448053257,0.0000012,0
1.274232901,8.666326611,0.0000012,0
1.28511389,8.89023952,0.0000012,0
1.296087794,9.119937693,0.00000093,0.00000058
1.307155407,9.355570605,0.00000095,0
1.31831753,9.597291592,0.00000086,0.0000012
1.329574968,9.845257953,0.0000018,0
1.340928537,10.09963105,0.0000017,0.00000064
1.352379056,10.36057642,0.00000092,0
1.363927354,10.62826386,0.0000014,0
1.375574266,10.90286757,0.0000019,0
1.387320634,11.18456625,0.000001,0.0000021
1.399167307,11.47354322,0.0000019,0
1.411115142,11.76998652,0.0000016,0.000003
1.423165002,12.07408905,0.00000092,0
1.435317759,12.38604873,0.0000013,0
1.447574291,12.70606854,0.0000018,0
1.459935485,13.03435674,0.0000018,0.0000025
1.472402234,13.37112696,0.0000015,0
1.48497544,13.71659835,0.0000017,0
1.497656011,14.07099573,0.0000016,0
1.510444865,14.43454971,0.0000011,0.00000092
1.523342926,14.80749689,0.0000011,0.0000028
1.536351127,15.19007994,0.0000014,0
1.549470408,15.58254784,0.0000012,0
1.562701718,15.98515598,0.0000024,0
1.576046013,16.39816635,0.0000013,0
1.589504259,16.82184772,0.0000026,0.0000032
1.603077428,17.25647579,0.0000011,0
1.616766501,17.7023334,0.0000014,0
1.630572469,18.15971069,0.0000014,0.0000023
1.644496329,18.62890529,0.0000017,0
1.658539089,19.11022253,0.00000073,0
1.672701763,19.60397561,0.0000025,0.0000012
1.686985376,20.11048585,0.0000015,0
1.70139096,20.63008286,0.00000053,0.0000026
1.715919557,21.16310476,0.0000019,0.0000013
1.730572217,21.70989841,0.0000014,0
1.74535,22.27081963,0.0000014,0
1.760253974,22.84623344,0.00000087,0
1.775285217,23.43651428,0.0000024,0
1.790444815,24.04204628,0.0000025,0.0000031
1.805733865,24.66322348,0.00000094,0
1.821153472,25.30045011,0.0000023,0.0000032
1.83670475,25.95414084,0.000003,0
1.852388825,26.62472106,0.0000014,0
1.86820683,27.31262714,0.000001,0.0000017
1.884159909,28.01830672,0.0000021,0.0000036
1.900249215,28.74221904,0.0000029,0.0000018
1.916475912,29.48483516,0.0000019,0.0000037
1.932841172,30.24663834,0.0000023,0
1.949346179,31.02812433,0.00000079,0
1.965992127,31.82980165,0.000002,0
1.982780219,32.65219202,0.0000033,0.0000021
1.999711668,33.49583057,0.00000085,0
2.016787699,34.36126632,0.0000035,0
2.034009546,35.24906244,0.0000031,0
2.051378455,36.15979664,0.0000018,0
2.068895682,37.0940616,0.0000014,0.0000047
2.086562492,38.05246527,0.00000048,0
2.104380164,39.03563133,0.000004,0
2.122349985,40.04419956,0.00000051,0
2.140473255,41.0788263,0.0000021,0.0000078
2.158751284,42.1401848,0.0000032,0
2.177185393,43.22896576,0.0000017,0
2.195776916,44.34587767,0.0000034,0
2.214527197,45.49164738,0.0000017,0
2.233437591,46.66702047,0.0000024,0
2.252509465,47.87276181,0.0000031,0
2.271744199,49.10965603,0,0
2.291143183,50.37850804,0.0000013,0.0000096
2.310707819,51.68014353,0.0000033,0.0000033
2.330439523,53.01540953,0.0000047,0
2.350339721,54.38517495,0,0
2.370409851,55.79033117,0.00000071,0
2.390651365,57.23179257,0.0000022,0
2.411065727,58.71049719,0.0000022,0
2.431654412,60.22740727,0.0000031,0.0000077
2.452418908,61.78350993,0.00000079,0
2.473360718,63.37981781,0.000004,0
2.494481355,65.01736968,0.0000041,0
2.515782347,66.69723117,0.0000017,0
2.537265232,68.42049544,0.0000026,0
2.558931566,70.1882839,0.0000036,0
2.580782913,72.00174692,0.00000092,0
2.602820855,73.86206459,0.00000094,0
2.625046984,75.77044752,0.0000048,0
2.647462908,77.72813756,0.000002,0
2.670070246,79.73640867,0.000001,0
2.692870635,81.79656772,0.0000042,0.00001
2.715865721,83.90995534,0.0000032,0.0000053
2.739057168,86.07794681,0.0000022,0.000011
2.762446653,88.30195293,0.0000023,0.0000056
2.786035866,90.58342096,0.0000081,0
2.809826513,92.92383556,0.0000012,0.000012
2.833820314,95.32471972,0.0000085,0
2.858019005,97.78763581,0.0000012,0
2.882424334,100.3141866,0.0000026,0
2.907038066,102.9060161,0.0000066,0.00002
2.931861981,105.564811,0.0000027,0
2.956897873,108.2923016,0,0
2.982147553,111.0902626,0.0000042,0.0000071
3.007612847,113.9605149,0.0000015,0.000014
3.033295594,116.9049263,0.0000045,0.0000074
3.059197653,119.9254127,0.0000031,0
3.085320896,123.0239398,0,0.000023
3.111667212,126.2025239,0.0000016,0
3.138238506,129.4632335,0,0.000025
3.165036698,132.8081904,0.0000034,0.000034
3.192063727,136.2395714,0.0000052,0
3.219321547,139.7596094,0.0000018,0
3.246812127,143.370595,0.0000091,0.000027
3.274537456,147.0748781,0.0000075,0.0000093
3.302499539,150.8748691,0,0.000019
3.330700397,154.773041,0.0000099,0.0000098
3.359142069,158.7719304,0,0.00005
3.387826612,162.8741396,0.0000083,0.00001
3.416756098,167.0823381,0.0000043,0
3.445932621,171.3992643,0,0
3.47535829,175.8277274,0.0000022,0
3.505035231,180.3706093,0.0000023,0
3.534965591,185.0308661,0.0000071,0.000059
3.565151534,189.8115305,0.0000024,0.000012
3.595595242,194.7157136,0,0.000062
3.626298916,199.7466065,0.0000051,0.000076
3.657264777,204.9074833,0.0000078,0.000078
3.688495063,210.2017023,0.000008,0.00004
3.719992032,215.6327086,0,0
3.751757961,221.2040364,0.00002,0.000028
3.783795147,226.9193114,0.000017,0.000043
3.816105907,232.7822525,0.0000059,0
3.848692576,238.7966752,0,0
3.881557511,244.9664932,0.0000031,0.000047
3.914703088,251.2957216,0,0.00019
3.948131703,257.7884789,0.000013,0
3.981845773,264.4489904,0.0000034,0.00013
4.015847736,271.2815904,0,0.000069
4.05014005,278.290725,0,0.00016
4.084725195,285.4809555,0.000018,0.00015
4.11960567,292.8569608,0.000015,0.0002
4.154783999,300.4235408,0,0.00013
4.190262724,308.1856195,0.000012,0.000098
4.226044411,316.1482479,0.000004,0.00008
4.262131646,324.3166077,0.000021,0.00019
4.298527039,332.6960143,0.000017,0.00013
4.335233221,341.2919207,0.000017,0.00024
4.372252847,350.1099206,0.000013,0.00027
4.409588592,359.1557521,0.0000092,0.00021
4.447243156,368.4353019,0.000019,0.00028
4.485219262,377.9546085,0.000014,0.00026
4.523519656,387.7198665,0.0000049,0.00032
4.562147105,397.7374307,0.00003,0.00038
4.601104404,408.0138199,0.000021,0.00062
4.64039437,418.5557214,0.000032,0.00029
4.680019841,429.3699952,0.0000055,0.00049
4.719983685,440.4636787,0.000028,0.0007
4.760288789,451.843991,0.000035,0.00069
4.800938069,463.5183378,0.000047,0.00053
4.841934463,475.4943161,0.0000061,0.00066
4.883280935,487.7797191,0.000025,0.00071
4.924980475,500.3825416,0.000013,0.00045
4.967036098,513.3109846,0.000013,0.00055
5.009450844,526.5734614,0.00002,0.00067
5.05222778,540.1786024,0.000014,0.00076
5.095369999,554.1352611,0.000021,0.00074
5.13888062,568.4525195,0.000022,0.0009
5.182762789,583.1396947,0.000015,0.00096
5.227019678,598.2063442,0.000046,0.00095
5.271654488,613.6622724,0.000047,0.0012
5.316670446,629.5175374,0.000016,0.0014
5.362070806,645.7824566,0.0000082,0.0013
5.40785885,662.4676146,0.000025,0.0014
5.454037891,679.5838689,0.000043,0.0014
5.500611265,697.1423579,0.000053,0.001
5.547582341,715.1545077,0.000027,0.0016
5.594954514,733.6320396,0.000028,0.0014
5.642731211,752.5869776,0,0.0014
5.690915884,772.0316566,0.00002,0.0014
5.739512018,791.9787301,0.00012,0.0026
5.788523126,812.4411785,0.00001,0.0019
5.837952753,833.4323176,0,0.0018
5.887804471,854.9658073,0.000054,0.0027
5.938081885,877.0556602,0.000078,0.0022
5.98878863,899.7162514,0.000011,0.0034
6.039928373,922.9623269,0.000059,0.0028
6.091504811,946.809014,0.000024,0.0026
6.143521673,971.2718308,0.000074,0.0031
6.195982719,996.3666963,0.000013,0.004
6.248891743,1022.109941,0.000052,0.0032
6.302252571,1048.518317,0.000027,0.0028
6.35606906,1075.609009,0.000082,0.0033
6.410345101,1103.399646,0.000056,0.0041
6.465084618,1131.908314,0,0.0037
6.52029157,1161.153563,0,0.0046
6.575969947,1191.154426,0,0.0045
6.632123776,1221.930424,0,0.0041
6.688757116,1253.501585,0.000048,0.0049
6.745874063,1285.888454,0,0.0051
6.803478745,1319.112107,0.000017,0.0045
6.861575327,1353.194163,0.000052,0.0056
6.920168011,1388.156801,0.000018,0.0067
6.979261032,1424.022773,0,0.0055
7.038858663,1460.815418,0.000056,0.0062
7.098965213,1498.558679,0.000038,0.0061
7.159585027,1537.277118,0,0.0078
7.220722489,1576.995929,0.00012,0.0064
7.282382019,1617.74096,0.000021,0.0067
7.344568075,1659.538725,0.000042,0.0071
7.407285153,1702.416424,0.000043,0.0072
7.470537787,1746.401959,0.000022,0.009
7.534330552,1791.523953,0.000046,0.0089
7.598668058,1837.81177,0.00012,0.0082
7.663554958,1885.295531,0.000024,0.0107
7.728995944,1934.006135,0.000049,0.0096
7.794995746,1983.975281,0.000076,0.0107
7.861559137,2035.235486,0.000052,0.0101
7.928690929,2087.820106,0.000053,0.0101
7.996395976,2141.763362,0,0.0114
8.064679173,2197.100356,0.000056,0.0108
8.133545457,2253.867099,0.000057,0.0087
8.202999807,2312.10053,0.000059,0.011
8.273047245,2371.838546,0.00015,0.011
8.343692835,2433.12002,0.000062,0.0114
8.414941686,2495.98483,0.00016,0.0141
8.486798948,2560.473886,0.00013,0.0122
8.559269817,2626.629154,0.0001,0.012
8.632359533,2694.493683,0.0001,0.007
8.706073379,2764.111636,0.00021,0.0132
8.780416687,2835.528316,0.00029,0.0115
8.85539483,2908.790197,0.00019,0.0096
8.93101323,2983.944955,0.00042,0.0097
9.007277354,3061.041495,0.00051,0.0107
9.084192716,3140.129987,0.00024,0.0126
9.161764878,3221.261898,0.00045,0.0119
9.239999447,3304.490023,0.00067,0.0107
9.318902081,3389.868524,0.00073,0.0142
9.398478484,3477.452959,0.00031,0.013
9.478734409,3567.300324,0.00027,0.0111
9.55967566,3659.469086,0.00061,0.0151
9.641308087,3754.019222,0.00091,0.0095
9.723637594,3851.012262,0.00049,0.0139
9.806670134,3950.511323,0.00045,0.0123
9.890411708,4052.581153,0.00046,0.01
9.974868372,4157.288173,0.00069,0.0132
10.06004623,4264.70052,0.00076,0.0092
10.14595145,4374.888093,0.00095,0.0133
10.23259023,4487.922596,0.00086,0.0143
10.31996884,4603.877585,0.0017,0.0085
10.4080936,4722.828516,0.00078,0.0123
10.49697088,4844.852796,0.0015,0.0099
10.5866071,4970.029833,0.0011,0.0139
10.67700875,5098.441083,0.0013,0.011
10.76818236,5230.17011,0.0019,0.0143
10.86013452,5365.302636,0.00096,0.0116
10.95287189,5503.926596,0.0017,0.0108
11.04640116,5646.132201,0.0017,0.0104
11.14072911,5792.011988,0.0014,0.0121
11.23586254,5941.660889,0.0017,0.0109
11.33180834,6095.176286,0.0023,0.0136
11.42857345,6252.658079,0.002,0.0135
11.52616485,6414.208747,0.0014,0.0126
11.62458962,6579.933419,0.0012,0.0146
11.72385485,6749.93994,0.0012,0.0129
11.82396774,6924.338938,0.0011,0.0106
11.92493552,7103.243905,0.0016,0.0153
12.02676548,7286.77126,0.001,0.0116
12.129465,7475.040434,0.0024,0.0147
12.23304149,7668.17394,0.0015,0.0093
12.33750245,7866.29746,0.0017,0.0105
12.44285542,8069.53992,0.0012,0.0123
12.54910804,8278.03358,0.0014,0.0105
12.65626796,8491.914116,0.0014,0.0092
12.76434296,8711.320708,0.0014,0.0094
12.87334083,8936.396135,0.0016,0.0114
12.98326946,9167.286862,0.0012,0.007
13.0941368,9404.14314,0.0006,0.0078
13.20595086,9647.119102,0.0012,0.0049
13.31871973,9896.372862,0.0015,0.0082
13.43245157,10152.06662,0.0019,0.0097
13.54715458,10414.36677,0.0019,0.0079
13.66283707,10683.444,0.0018,0.0061
13.77950741,10959.47341,0.0015,0.0056
13.89717402,11242.63463,0.0019,0.0043
14.01584542,11533.11191,0.0015,0.0044
14.13553018,11831.09429,0.0029,0.003
14.25623695,12136.77568,0.0026,0.0015
14.37797448,12450.35499,0.0036,0.0024
14.50075155,12772.03629,0.0044,0.0041
14.62457704,13102.0289,0.005,0
14.74945991,13440.54758,0.0067,0.0043
14.87540918,13787.8126,0.009,0.00088
15.00243397,14144.04995,0.0124,0.0009
15.13054345,14509.49145,0.0115,0.00092
15.2597469,14884.3749,0.014,0.0019
15.39005364,15268.94426,0.0142,0.00097
15.5214731,15663.44978,0.0122,0
15.65401479,16068.14819,0.0205,0.001
15.78768828,16483.30284,0.0212,0
15.92250324,16909.18389,0.0215,0
16.05846942,17346.06848,0.0232,0
16.19559665,17794.24091,0.0236,0
16.33389485,18253.99283,0.0261,0
16.473374,18725.62341,0.0296,0
16.61404421,19209.43956,0.0318,0.0012
16.75591563,19705.75613,0.0321,0.0013
16.89899852,20214.89609,0.0327,0
17.04330324,20737.19075,0.0325,0
17.18884021,21272.98001,0.0266,0
17.33561995,21822.61252,0.0317,0
17.48365308,22386.44595,0.0282,0
17.63295031,22964.84721,0.0269,0
17.78352242,23558.19269,0.0324,0
17.9353803,24166.86851,0.0296,0
18.08853494,24791.27075,0.0269,0
18.2429974,25431.80576,0.0298,0
18.39877885,26088.89034,0.0309,0
18.55589056,26762.95209,0.0256,0
18.71434389,27454.42966,0.0252,0
18.87415028,28163.77302,0.0233,0
19.03532131,28891.44376,0.0261,0
19.19786861,29637.91542,0.0174,0
19.36180394,30403.67376,0.0132,0
19.52713916,31189.21708,0.0175,0
19.69388622,31995.05658,0.0155,0
19.86205717,32821.71666,0.0125,0
20.03166417,33669.73524,0.0137,0
20.20271949,34539.66419,0.0097,0
20.37523549,35432.06959,0.0104,0
20.54922465,36347.53217,0.0097,0
20.72469955,37286.64767,0.009,0
20.90167287,38250.02721,0.0078,0
21.08015741,39238.2977,0.0035,0
21.26016607,40252.10225,0.0067,0
21.44171187,41292.10059,0.0053,0
21.62480794,42358.96949,0.0043,0
21.8094675,43453.40321,0.005,0
21.99570393,44576.11395,0.0017,0
22.18353066,45727.83229,0.0023,0
22.3729613,46909.30772,0.0006,0
22.56400954,48121.30907,0.0025,0
22.75668918,49364.62504,0.00063,0
22.95101416,50640.06471,0,0
23.14699853,51948.45807,0.00066,0
23.34465646,53290.65654,0.0014,0
23.54400223,54667.53355,0.0007,0
23.74505027,56079.9851,0.00071,0
23.94781511,57528.93033,0,0
24.15231141,59015.31213,0.00075,0
24.35855395,60540.09775,0,0
24.56655765,62104.27943,0,0
24.77633755,63708.87507,0,0
24.9879088,65354.92883,0,0
25.20128672,67043.51188,0,0
25.41648672,68775.72305,0,0
25.63352437,70552.68956,0,0
25.85241535,72375.56777,0,0
26.0731755,74245.5439,0.00095,0
26.29582078,76163.83483,0,0
26.52036727,78131.68886,0,0
26.74683123,80150.38657,0,0
26.97522902,82221.24162,0,0
27.20557715,84345.60159,0,0
27.43789228,86524.8489,0,0
27.67219121,88760.40169,0,0
27.90849087,91053.71472,0,0
28.14680836,93406.28034,0,0
28.3871609,95819.62949,0,0
28.62956586,98295.33262,0,0
28.87404078,100835.0008,0,0
29.12060334,103440.2867,0,0
29.36927135,106112.8856,0,0
29.6200628,108854.5368,0,0
29.87299582,111667.0244,0,0