,5,10,15,20,25,30,35,40,45,50,55,60,65,70
0.001,0.108702422,0.129758895,0.130877977,0.129729028,0.128443655,0.127347987,0.126454362,0.125725169,0.125126876,0.124629475,0.124208804,0.123850189,0.123541281,0.123272557
0.002,0.124486354,0.150746228,0.152342482,0.15111773,0.14968273,0.148446454,0.147433251,0.146604331,0.145923096,0.145356018,0.144876136,0.144466824,0.14411412,0.14380718
0.003,0.137857238,0.169635491,0.171757673,0.170489452,0.168929888,0.167572304,0.166454683,0.165538151,0.164783736,0.164155109,0.163622859,0.163168576,0.162776956,0.162436024
0.004,0.149103532,0.186867726,0.189582546,0.188302313,0.186639706,0.185176568,0.183966471,0.182971737,0.182151665,0.181467678,0.180888162,0.180393305,0.179966556,0.17959487
0.005,0.158383436,0.202737387,0.206137347,0.204881372,0.20313738,0.201583442,0.200291688,0.199227132,0.198347908,0.197613817,0.196991433,0.196459684,0.19600086,0.19560112
0.006,0.1657808,0.21743408,0.221642313,0.220455428,0.218654569,0.217025633,0.215663344,0.214537213,0.213605297,0.212826216,0.212165138,0.21159996,0.211112018,0.210686729
0.007,0.171347116,0.231071157,0.236243677,0.235181809,0.233353388,0.231667568,0.230247205,0.229068608,0.228090903,0.227272292,0.226576924,0.225981933,0.225467946,0.225019666
0.008,0.175132563,0.243706789,0.250032135,0.249163778,0.247343049,0.245621823,0.244157848,0.242937291,0.241921722,0.241069697,0.240345029,0.239724288,0.239187631,0.238719268
0.009,0.177206913,0.255360388,0.263056724,0.262463337,0.260692167,0.258960957,0.257470392,0.256220085,0.255175754,0.254297495,0.253549204,0.252907407,0.252351947,0.251866743
0.01,0.177670454,0.266026006,0.275335851,0.275111287,0.273438341,0.271726633,0.270229252,0.268963384,0.267900939,0.267004656,0.266239377,0.265581899,0.265012129,0.26451391
0.011,0.176656009,0.275683422,0.286866321,0.287115383,0.285595675,0.283937048,0.282455409,0.28119013,0.280121726,0.279216856,0.278442087,0.277775093,0.27719614,0.27668923
0.012,0.174324022,0.284307276,0.297630882,0.298467097,0.297161223,0.295592949,0.294152207,0.292905621,0.291844821,0.290941958,0.290166168,0.289496582,0.288914241,0.288403493
0.013,0.170853348,0.291874344,0.307604541,0.309147321,0.308120311,0.306682791,0.305310341,0.304102244,0.303063956,0.302174724,0.301407253,0.300742714,0.300163336,0.29965418
0.014,0.166430499,0.298369023,0.316759751,0.319131133,0.318451008,0.317187002,0.315912076,0.31476362,0.313763856,0.312900794,0.3121517,0.311500483,0.310930938,0.3104292
0.015,0.161239519,0.303787147,0.325070579,0.32839176,0.328127894,0.327081612,0.325934659,0.324868031,0.323923676,0.323099976,0.322379881,0.32175071,0.321198321,0.320710222
0.016,0.155453872,0.308138151,0.332515932,0.336903685,0.337125125,0.336341255,0.33535333,0.334391317,0.333519717,0.332749058,0.332069032,0.331470966,0.330943366,0.330475319
0.017,0.149230926,0.311445857,0.33908185,0.344645119,0.345418817,0.344941493,0.344143631,0.343309138,0.342527826,0.341824066,0.341195318,0.340637646,0.340142581,0.339701217
0.018,0.142708925,0.313748008,0.344763037,0.351599817,0.35298895,0.352860767,0.352283261,0.351598828,0.350925212,0.350302145,0.349735867,0.349227853,0.34877314,0.348365103
0.019,0.136006057,0.315094826,0.349563671,0.357758297,0.359820703,0.360081703,0.359753503,0.359240882,0.358691824,0.358162917,0.357670081,0.357220848,0.35681414,0.356445984
0.02,0.129221034,0.315546922,0.353497553,0.363118564,0.36590538,0.366592196,0.366540261,0.366219935,0.365811487,0.36538961,0.364980742,0.364599059,0.364247788,0.363925859
0.021,0.122434616,0.315172774,0.356587759,0.367686419,0.371240919,0.372385974,0.372634728,0.372525542,0.372272597,0.371969758,0.371654768,0.371348919,0.371060103,0.370790454
0.022,0.115711661,0.314046064,0.358865829,0.37147535,0.375832094,0.377462954,0.378033814,0.378152597,0.378068598,0.377895762,0.377683754,0.377461361,0.37724153,0.377029729
0.023,0.109103337,0.312243111,0.360370668,0.374506103,0.379690392,0.381829281,0.382740275,0.383101518,0.383198285,0.383165182,0.383064258,0.382932211,0.382787211,0.382638372
0.024,0.102649298,0.309840555,0.361147185,0.376806025,0.382833681,0.385497165,0.386762655,0.387378319,0.387665778,0.387780693,0.387797879,0.387762179,0.387697202,0.38761581
0.025,0.096379675,0.306913373,0.361244842,0.378408172,0.385285636,0.388484509,0.390114995,0.390994336,0.391480425,0.391750182,0.391891289,0.391956939,0.391976364,0.391966242
0.026,0.090316846,0.303533347,0.360716201,0.379350312,0.38707504,0.39081435,0.392816477,0.393965966,0.394656571,0.395086323,0.395355918,0.395526937,0.395634246,0.395698521
0.027,0.084476942,0.299767912,0.359615489,0.379673846,0.388234944,0.392514258,0.394890822,0.396314164,0.397213046,0.39780638,0.398207715,0.39848701,0.398684858,0.3988259
0.028,0.078871118,0.295679424,0.357997326,0.37942272,0.388801799,0.393615521,0.396365693,0.398063895,0.399172789,0.399931623,0.400466658,0.400856108,0.401146256,0.401365655
0.029,0.073506605,0.291324739,0.355915622,0.378642382,0.388814544,0.394152439,0.397271978,0.3992435,0.400562159,0.401486887,0.402156304,0.402656754,0.403040045,0.403338695
0.03,0.068387551,0.286755091,0.353422638,0.377378808,0.388313725,0.394161458,0.397643083,0.399884043,0.401410384,0.40249993,0.403303204,0.403914478,0.404390964,0.404768998
0.031,0.063515718,0.282016159,0.350568289,0.375677656,0.387340647,0.393680434,0.397514177,0.400018602,0.401748889,0.403000812,0.403936349,0.40465733,0.405226266,0.405683195
0.032,0.058891014,0.277148314,0.34739962,0.373583539,0.385936655,0.392747889,0.396921508,0.399681627,0.401610655,0.40302133,0.404086504,0.404915279,0.405575173,0.406109856
0.033,0.054511907,0.27218694,0.343960452,0.37113944,0.384142449,0.391402342,0.395901766,0.398908269,0.401029594,0.402594351,0.403785677,0.404719563,0.405468314,0.406079077
0.034,0.050375739,0.267162836,0.340291197,0.368386267,0.38199758,0.389681753,0.394491474,0.397733847,0.40003999,0.401753296,0.403066534,0.40410221,0.404937198,0.405621853
0.035,0.046478932,0.262102633,0.336428796,0.36536254,0.379539974,0.387623038,0.392726519,0.396193315,0.398675965,0.400531582,0.401961918,0.403095558,0.404013652,0.40476965
0.036,0.042817136,0.257029217,0.332406761,0.362104163,0.376805652,0.385261669,0.390641686,0.394320794,0.396971068,0.398962216,0.400504351,0.401731683,0.402729403,0.403553857
0.037,0.039385297,0.251962147,0.32825527,0.358644347,0.373828474,0.382631399,0.388270382,0.392149264,0.394957862,0.397077395,0.398725656,0.400042135,0.401115717,0.402005478
0.038,0.036177688,0.246918032,0.324001356,0.355013579,0.370640012,0.379764039,0.385644334,0.389710276,0.39266764,0.394908152,0.396656671,0.398057493,0.399202999,0.400154745
0.039,0.033187925,0.241910889,0.319669084,0.351239653,0.367269486,0.376689343,0.38279345,0.387033703,0.390130209,0.39248419,0.394326942,0.395807213,0.397020542,0.39803081
0.04,0.030408947,0.236952466,0.315279794,0.347347768,0.363743763,0.373434931,0.379745694,0.384147654,0.387373709,0.389833628,0.391764561,0.393319303,0.394596317,0.395661612
0.041,0.027833029,0.232052528,0.310852305,0.343360654,0.360087405,0.370026286,0.37652703,0.381078375,0.384424531,0.386982932,0.388996026,0.390620294,0.391956816,0.393073645
0.042,0.025451803,0.227219118,0.306403163,0.339298724,0.356322734,0.36648677,0.373161437,0.3778502,0.38130724,0.383956825,0.386046165,0.387735046,0.389127004,0.390291846
0.043,0.023256307,0.222458774,0.301946837,0.335180218,0.352469969,0.362837725,0.369670927,0.374485584,0.378044597,0.380778266,0.382938073,0.384686802,0.386130152,0.387339554
0.044,0.021237071,0.217776736,0.29749595,0.331021386,0.348547322,0.359098518,0.366075615,0.37100513,0.374657542,0.377468457,0.379693149,0.381497068,0.382987903,0.384238559
0.045,0.019384229,0.213177113,0.293061456,0.326836659,0.344571151,0.355286696,0.362393799,0.367427681,0.371165297,0.374046883,0.376331084,0.378185739,0.379720272,0.38100893
0.046,0.017687651,0.208663039,0.28865282,0.322638784,0.340556096,0.35141806,0.358642073,0.363770367,0.367585387,0.370531391,0.372869974,0.374771071,0.376345678,0.377669243
0.047,0.016137082,0.204236808,0.284278179,0.318439012,0.33651521,0.347506816,0.354835414,0.360048718,0.363933772,0.366938242,0.369326311,0.371269764,0.372880979,0.374236465
0.048,0.014722294,0.199899989,0.279944496,0.314247215,0.332460102,0.343565685,0.350987318,0.356276783,0.360224896,0.363282208,0.365715129,0.367697069,0.369341597,0.370726169
0.049,0.013433215,0.195653527,0.275657683,0.310072041,0.328401058,0.339606027,0.347109881,0.352467203,0.356471822,0.359576668,0.362050072,0.364066812,0.365741526,0.367152516
0.05,0.012260047,0.191497836,0.271422719,0.30592103,0.324347174,0.335637961,0.343213941,0.348631349,0.35268631,0.355833703,0.358343461,0.36039154,0.362093503,0.363528365
0.051,0.011193373,0.187432883,0.267243762,0.301800717,0.320306449,0.331670469,0.339309163,0.344779386,0.34887893,0.352064187,0.354606419,0.356682591,0.358409015,0.359865362
0.052,0.010224221,0.183458251,0.263124241,0.297716754,0.316285914,0.327711496,0.335404158,0.340920417,0.345059154,0.348277882,0.350848967,0.352950158,0.354698436,0.356174008
0.053,0.009344133,0.1795732,0.259066933,0.293673994,0.312291711,0.323768053,0.331506559,0.337062543,0.341235436,0.344483548,0.347080065,0.349203416,0.350971098,0.352463791
0.054,0.008545184,0.175776736,0.255074047,0.289676568,0.308329185,0.319846314,0.327623121,0.333212958,0.337415321,0.340688985,0.343307768,0.345450591,0.347235388,0.348743221
0.055,0.007820011,0.172067641,0.251147292,0.285727975,0.304402965,0.315951676,0.323759799,0.32937803,0.333605509,0.336901154,0.33953923,0.341699025,0.343498784,0.345019903
0.056,0.007161804,0.168444525,0.247287925,0.281831138,0.300517037,0.312088843,0.319921829,0.325563401,0.329811937,0.333126247,0.335780855,0.337955278,0.339768002,0.341300678
0.057,0.006564301,0.16490586,0.243496821,0.277988471,0.296674803,0.308261908,0.316113787,0.321774009,0.326039841,0.329369735,0.33203829,0.334225172,0.336048996,0.337591615
0.058,0.006021767,0.161450012,0.239774513,0.274201934,0.292879154,0.304474388,0.312339659,0.318014202,0.322293842,0.325636448,0.328316573,0.330513869,0.33234706,0.333898107
0.059,0.005528968,0.158075265,0.236121235,0.270473079,0.289132501,0.300729304,0.308602895,0.314287756,0.318577975,0.321930638,0.324620104,0.326825949,0.328666875,0.330224963
0.06,0.005081145,0.154779851,0.232536964,0.266803105,0.285436848,0.29702921,0.304906464,0.310597952,0.314895762,0.318256031,0.320952773,0.323165409,0.325012579,0.326576404
0.061,0.004673974,0.151561958,0.229021454,0.263192889,0.281793821,0.293376259,0.3012529,0.306947613,0.311250264,0.314615852,0.317317974,0.319535781,0.321387799,0.322956144
0.062,0.004303545,0.148419758,0.225574267,0.259643018,0.278204707,0.289772226,0.297644341,0.30333915,0.307644105,0.311012919,0.313718647,0.31594013,0.317795703,0.319367456
0.063,0.003966317,0.14535141,0.222194809,0.25615384,0.274670503,0.286218564,0.294082571,0.299774612,0.304079533,0.307449636,0.310157348,0.31238111,0.314239039,0.315813166
0.064,0.003659098,0.142355078,0.218882343,0.25272548,0.271191925,0.282716423,0.290569061,0.29625571,0.300558449,0.303928062,0.306636248,0.308861018,0.310720202,0.312295735
0.065,0.003379003,0.139428933,0.21563602,0.24935787,0.267769468,0.279266686,0.287104985,0.292783842,0.297082437,0.300449924,0.303157207,0.305381801,0.307241223,0.308817267
0.066,0.003123437,0.136571165,0.212454898,0.24605078,0.264403404,0.275869998,0.28369127,0.289360147,0.293652799,0.297016657,0.299721772,0.301945104,0.303803824,0.305379573
0.067,0.002890057,0.133779986,0.209337959,0.242803832,0.261093832,0.2725268,0.280328603,0.285985519,0.290270592,0.293629446,0.29633123,0.298552306,0.300409455,0.301984161
0.068,0.002676758,0.13105363,0.206284129,0.239616526,0.257840677,0.269237336,0.277017479,0.282660626,0.286936629,0.290289234,0.292986618,0.295204519,0.297059312,0.298632279
0.069,0.002481641,0.12839036,0.203292277,0.236488257,0.254643729,0.266001687,0.273758192,0.27938595,0.283651522,0.286996732,0.289688753,0.291902649,0.293754362,0.295324963
0.07,0.002302999,0.125788472,0.200361254,0.23341833,0.25150265,0.262819785,0.270550887,0.276161781,0.280415702,0.283752493,0.28643826,0.288647397,0.290495368,0.292063013
0.071,0.002139292,0.12324629,0.19748987,0.230405979,0.248417001,0.259691435,0.267395554,0.272988275,0.277229437,0.280556865,0.28323558,0.285439261,0.287282887,0.288847063
0.072,0.001989134,0.120762171,0.194676937,0.227450371,0.245386244,0.256616329,0.264292065,0.269865431,0.274092843,0.277410059,0.280081005,0.282278597,0.284117332,0.285677558
0.073,0.001851281,0.118334503,0.191921246,0.224550633,0.24240977,0.253594065,0.261240174,0.26679313,0.271005901,0.274312155,0.276974674,0.279165611,0.28099896,0.282554794
0.074,0.001724604,0.115961711,0.189221592,0.221705851,0.239486897,0.250624145,0.258239535,0.263771154,0.267968493,0.271263093,0.273916596,0.276100374,0.277927891,0.279478939
0.075,0.001608091,0.113642254,0.186576773,0.218915074,0.236616895,0.247706012,0.25528973,0.26079918,0.264980377,0.268262726,0.270906682,0.273082845,0.274904119,0.27645004
0.076,0.001500828,0.111374619,0.183985597,0.216177344,0.233798993,0.244839044,0.252390247,0.257876814,0.262041244,0.265310795,0.267944741,0.270112872,0.271927545,0.27346801
0.077,0.001401987,0.109157335,0.181446877,0.213491671,0.231032373,0.242022568,0.249540537,0.255003578,0.259150685,0.262406964,0.265030483,0.267190214,0.268997968,0.270532692
0.078,0.001310827,0.106988963,0.178959445,0.210857079,0.228316201,0.239255868,0.246739976,0.252178945,0.256308252,0.259550832,0.26216355,0.264314562,0.266115106,0.267643841
0.079,0.001226671,0.104868102,0.176522147,0.208272565,0.225649619,0.236538198,0.243987917,0.24940233,0.253513414,0.256741926,0.259343521,0.261485523,0.263278609,0.264801122
0.08,0.001148912,0.102793383,0.174133841,0.205737142,0.223031753,0.233868783,0.241283661,0.246673111,0.250765605,0.253979733,0.256569916,0.258702653,0.26048805,0.262004145
0.081,0.001076998,0.10076348,0.171793408,0.203249825,0.220461722,0.231246831,0.238626487,0.243990624,0.248064218,0.251263674,0.253842199,0.255965451,0.257742966,0.259252467
0.082,0.001010431,0.098777095,0.169499745,0.200809635,0.21793864,0.228671533,0.236015655,0.241354184,0.245408606,0.248593156,0.251159803,0.25327338,0.25504284,0.256545596
0.083,0.000948758,0.096832978,0.167251765,0.198415598,0.21546162,0.226142069,0.233450403,0.238763081,0.242798105,0.245967534,0.248522128,0.250625858,0.252387111,0.253882989
0.084,0.00089157,0.094929909,0.165048402,0.196066758,0.213029781,0.22365762,0.230929965,0.236216584,0.24023202,0.243386158,0.245928534,0.248022279,0.249775199,0.251264081
0.085,0.000838494,0.093066712,0.162888607,0.193762168,0.210642238,0.22121736,0.228453554,0.233713958,0.237709645,0.240848351,0.24337837,0.24546201,0.247206489,0.248688268
0.086,0.000789193,0.09124224,0.16077135,0.191500894,0.208298127,0.218820468,0.226020395,0.231254452,0.235230262,0.238353407,0.240870965,0.242944395,0.244680333,0.246154941
0.087,0.000743358,0.089455391,0.158695621,0.189282018,0.205996581,0.216466123,0.223629704,0.228837314,0.232793147,0.235900638,0.238405636,0.240468771,0.242196098,0.243663448
0.088,0.000700712,0.0877051,0.156660422,0.187104635,0.203736749,0.214153512,0.221280699,0.226461791,0.230397567,0.233489323,0.23598169,0.238034458,0.239753104,0.241213148
0.089,0.000660999,0.085990332,0.154664777,0.184967858,0.201517791,0.21188183,0.218972605,0.224127134,0.228042788,0.23111875,0.23359843,0.23564077,0.237350687,0.238803373
0.09,0.000623988,0.084310096,0.15270773,0.182870807,0.19933888,0.209650283,0.21670465,0.221832589,0.22572809,0.228788209,0.231255148,0.233287029,0.234988166,0.236433452
0.091,0.000589467,0.082663428,0.150788336,0.180812622,0.197199199,0.207458088,0.214476073,0.219577416,0.223452736,0.226496989,0.228951155,0.230972532,0.232664863,0.23410272
0.092,0.000557244,0.081049404,0.148905676,0.17879246,0.195097946,0.205304465,0.212286123,0.21736088,0.221216007,0.224244373,0.226685743,0.228696598,0.230380093,0.2318105
0.093,0.000527141,0.079467129,0.14705884,0.176809487,0.19303433,0.203188653,0.210134056,0.215182252,0.219017195,0.222029659,0.224458229,0.226458536,0.228133192,0.229556126
0.094,0.000499,0.077915739,0.14524694,0.174862885,0.191007575,0.201109904,0.208019135,0.213040814,0.216855584,0.219852159,0.222267915,0.224257671,0.225923468,0.22733892
0.095,0.00047267,0.076394403,0.143469109,0.172951848,0.189016917,0.199067474,0.205940643,0.210935861,0.214730483,0.217711173,0.22011412,0.222093325,0.22375026,0.22515823
0.096,0.000448018,0.074902315,0.141724491,0.171075587,0.187061607,0.197060639,0.203897869,0.208866688,0.212641201,0.215606028,0.217996181,0.219964837,0.221612908,0.223013393
0.097,0.000424919,0.073438698,0.140012256,0.169233325,0.185140903,0.195088686,0.201890113,0.206832612,0.210587058,0.213536056,0.215913423,0.217871536,0.219510763,0.220903756
0.098,0.000403261,0.072002803,0.138331587,0.167424293,0.183254081,0.193150908,0.199916687,0.204832955,0.208567393,0.211500586,0.213865196,0.215812792,0.217443167,0.218828683
0.099,0.00038294,0.070593902,0.136681689,0.165647741,0.181400425,0.191246614,0.197976915,0.202867055,0.206581541,0.209498978,0.211850852,0.213787944,0.215409494,0.216787541
0.1,0.000363858,0.069211292,0.135061784,0.163902932,0.17957923,0.189375123,0.196070131,0.200934253,0.204628857,0.207530584,0.20986976,0.21179637,0.213409109,0.214779704
0.101,0.000345929,0.067854294,0.133471118,0.162189138,0.177789809,0.187535771,0.194195682,0.19903391,0.202708711,0.205594779,0.207921298,0.209837449,0.211441397,0.212804561
0.102,0.000329073,0.066522247,0.131908947,0.160505643,0.176031477,0.185727895,0.192352926,0.197165388,0.200820471,0.203690936,0.206004838,0.207910575,0.209505758,0.210861495
0.103,0.000313213,0.065214514,0.13037456,0.158851753,0.174303567,0.18395085,0.190541229,0.195328068,0.198963526,0.20181846,0.20411979,0.206015137,0.207601583,0.208949929
0.104,0.000298282,0.063930474,0.128867254,0.157226775,0.172605421,0.182203996,0.188759966,0.193521334,0.197137267,0.199976741,0.20226555,0.20415055,0.205728293,0.207069268
0.105,0.000284216,0.062669531,0.127386351,0.155630036,0.170936387,0.18048671,0.187008528,0.19174459,0.195341105,0.198165188,0.200441538,0.202316236,0.203885306,0.205218936
0.106,0.000270957,0.0614311,0.125931192,0.154060875,0.16929583,0.178798369,0.18528631,0.189997239,0.193574452,0.196383231,0.198647177,0.200511617,0.202072059,0.203398369
0.107,0.000258451,0.06021462,0.124501139,0.152518643,0.167683125,0.177138371,0.183592718,0.188278697,0.19183673,0.194630297,0.196881906,0.198736134,0.200287981,0.201607009
0.108,0.000246647,0.059019544,0.123095568,0.151002709,0.166097654,0.175506114,0.181927173,0.186588394,0.190127374,0.192905817,0.195145161,0.196989239,0.198532534,0.199844307
0.109,0.0002355,0.057845342,0.121713883,0.14951245,0.164538811,0.173901008,0.180289091,0.184925758,0.188445831,0.19120925,0.193436401,0.195270378,0.196805174,0.198109734
0.11,0.000224968,0.056691505,0.120355498,0.14804726,0.163006001,0.172322479,0.178677913,0.183290238,0.186791545,0.189540047,0.191755088,0.193579023,0.195105367,0.196402751
0.111,0.000215009,0.055557536,0.119019852,0.146606546,0.161498644,0.170769954,0.177093077,0.181681282,0.185163975,0.187897673,0.190100684,0.191914649,0.193432591,0.194722842
0.112,0.000205589,0.054442956,0.117706398,0.145189731,0.16001616,0.169242875,0.175534034,0.180098357,0.183562594,0.186281604,0.188472672,0.190276733,0.191786325,0.193069492
0.113,0.000196672,0.053347301,0.116414606,0.143796254,0.158557995,0.167740687,0.174000246,0.178540923,0.181986877,0.184691318,0.186870534,0.188664768,0.190166071,0.191442201
0.114,0.000188228,0.052270125,0.115143966,0.142425559,0.157123591,0.166262851,0.17249118,0.17700846,0.180436302,0.183126304,0.18529377,0.187078247,0.18857132,0.189840458
0.115,0.000180228,0.051210994,0.113893984,0.141077116,0.155712416,0.164808833,0.171006316,0.175500454,0.178910362,0.181586062,0.183741874,0.18551668,0.187001592,0.188263787
0.116,0.000172642,0.050169492,0.112664179,0.139750405,0.154323938,0.163378113,0.169545132,0.174016393,0.177408558,0.180070092,0.182214362,0.183979572,0.185456386,0.186711702
0.117,0.000165448,0.049145215,0.111454088,0.138444917,0.152957642,0.16197018,0.168107128,0.172555783,0.175930395,0.178577907,0.18071074,0.182466443,0.183935235,0.18518372
0.118,0.000158619,0.048137774,0.110263258,0.137160162,0.151613023,0.160584528,0.166691805,0.171118132,0.174475387,0.177109025,0.179230537,0.180976822,0.182437667,0.183679379
0.119,0.000152136,0.047146795,0.109091256,0.135895663,0.150289589,0.159220666,0.165298678,0.169702957,0.173043059,0.175662972,0.177773282,0.179510242,0.18096321,0.182198221
0.12,0.000145977,0.046171915,0.107937657,0.134650954,0.148986863,0.157878109,0.163927261,0.168309778,0.171632934,0.174239279,0.176338511,0.178066247,0.179511415,0.180739781
0.121,0.000140124,0.045212785,0.106802049,0.133425587,0.147704372,0.156556388,0.16257709,0.166938132,0.170244555,0.172837496,0.174925768,0.176644369,0.178081831,0.179303616
0.122,0.000134558,0.044269067,0.105684037,0.132219125,0.146441661,0.155255041,0.161247701,0.165587562,0.168877463,0.171457162,0.1735346,0.175244179,0.176674006,0.177889286
0.123,0.000129263,0.043340436,0.104583229,0.131031147,0.145198287,0.153973614,0.159938643,0.164257618,0.167531215,0.170097834,0.172164578,0.173865234,0.175287515,0.176496355
0.124,0.000124224,0.042426574,0.10349925,0.129861241,0.143973815,0.152711669,0.15864947,0.162947856,0.16620537,0.168759082,0.170815252,0.17250709,0.173921914,0.175124394
0.125,0.000119426,0.04152718,0.102431731,0.12870901,0.142767826,0.151468774,0.157379756,0.161657845,0.164899493,0.167440468,0.169486207,0.171169339,0.172576795,0.173772985
0.126,0.000114855,0.040641958,0.101380318,0.127574068,0.141579912,0.150244511,0.156129071,0.16038716,0.163613167,0.166141577,0.168177016,0.169851547,0.171251726,0.172441702
0.127,0.000110498,0.039770621,0.100344658,0.126456043,0.140409676,0.149038471,0.154897004,0.159135388,0.162345975,0.164861986,0.166887269,0.168553314,0.169946309,0.171130149
0.128,0.000106345,0.038912896,0.099324413,0.125354572,0.13925673,0.147850254,0.153683154,0.157902117,0.161097505,0.163601302,0.165616564,0.167274235,0.168660141,0.169837916
0.129,0.000102383,0.038068511,0.098319253,0.124269305,0.1381207,0.146679471,0.152487121,0.156686959,0.159867367,0.162359118,0.164364496,0.166013903,0.167392815,0.168564608
0.13,9.86024E-05,0.037237211,0.097328852,0.123199901,0.137001224,0.14552575,0.151308523,0.155489516,0.158655169,0.161135045,0.163130678,0.16477194,0.166143955,0.167309841
0.131,9.49943E-05,0.036418742,0.096352896,0.122146026,0.135897949,0.144388718,0.150146987,0.154309418,0.157460527,0.159928701,0.161914735,0.163547961,0.16491317,0.166073233
0.132,9.15473E-05,0.03561286,0.095391075,0.121107362,0.134810533,0.143268021,0.149002142,0.153146288,0.156283071,0.158739717,0.160716285,0.162341593,0.163700087,0.164854414
0.133,8.82549E-05,0.03481933,0.094443087,0.120083597,0.133738644,0.142163315,0.147873639,0.151999768,0.155122434,0.157567723,0.159534962,0.161152465,0.16250435,0.163653009
0.134,8.51071E-05,0.034037924,0.09350864,0.119074428,0.132681961,0.141074258,0.146761127,0.150869508,0.153978265,0.15641236,0.158370407,0.159980217,0.161325585,0.16246867
0.135,8.20983E-05,0.033268417,0.092587443,0.118079559,0.131640169,0.140000527,0.145664274,0.149755163,0.152850217,0.155273286,0.157222276,0.158824503,0.160163449,0.161301029
0.136,7.92197E-05,0.032510598,0.09167922,0.117098702,0.130612969,0.138941802,0.144582748,0.148656396,0.15173795,0.154150154,0.156090219,0.157684979,0.159017599,0.160149756
0.137,7.64663E-05,0.031764257,0.090783691,0.116131578,0.129600061,0.137897777,0.143516234,0.14757289,0.150641135,0.153042633,0.15497391,0.156561309,0.157887688,0.159014504
0.138,7.38297E-05,0.031029195,0.089900592,0.115177915,0.128601167,0.13686815,0.14246442,0.146504323,0.149559452,0.1519504,0.153873009,0.155453158,0.156773395,0.157894945
0.139,7.1305E-05,0.030305219,0.089029661,0.114237445,0.127616002,0.135852634,0.141427011,0.145450388,0.148492585,0.150873139,0.152787213,0.154360213,0.155674401,0.156790763
0.14,6.88872E-05,0.029592143,0.088170644,0.11330991,0.126644302,0.134850948,0.140403709,0.144410788,0.147440236,0.14981054,0.151716205,0.15328216,0.154590386,0.155701635
0.141,6.65705E-05,0.028889785,0.08732329,0.112395057,0.125685801,0.133862816,0.139394237,0.143385231,0.146402108,0.148762308,0.150659679,0.152218694,0.153521041,0.154627256
0.142,6.43491E-05,0.028197975,0.08648736,0.111492637,0.124740246,0.132887974,0.138398316,0.14237344,0.145377913,0.147728149,0.149617346,0.151169521,0.152466078,0.153567322
0.143,6.2219E-05,0.027516544,0.085662616,0.110602408,0.123807389,0.13192616,0.137415679,0.141375133,0.14436737,0.146707778,0.148588916,0.150134347,0.151425197,0.15252155
0.144,6.0176E-05,0.026845335,0.084848829,0.109724133,0.122886986,0.130977128,0.13644607,0.140390051,0.143370207,0.145700927,0.147574112,0.149112895,0.150398116,0.15148965
0.145,5.82164E-05,0.026184193,0.084045775,0.108857578,0.121978805,0.130040634,0.135489237,0.139417931,0.142386163,0.144707314,0.146572663,0.148104884,0.149384565,0.150471342
0.146,5.63352E-05,0.025532971,0.083253239,0.108002518,0.121082612,0.129116439,0.134544932,0.138458522,0.141414978,0.14372669,0.145584299,0.147110056,0.148384264,0.149466353
0.147,5.45281E-05,0.02489153,0.082471007,0.10715873,0.120198185,0.128204313,0.13361292,0.137511584,0.140456409,0.142758797,0.144608774,0.146128145,0.147396962,0.148474424
0.148,5.27932E-05,0.024259733,0.081698875,0.106325998,0.119325303,0.127304032,0.132692969,0.136576877,0.139510207,0.141803393,0.143645829,0.145158902,0.146422398,0.1474953
0.149,5.11259E-05,0.023637452,0.080936643,0.105504105,0.118463754,0.126415378,0.131784857,0.135654171,0.138576141,0.140860232,0.142695226,0.144202079,0.145460324,0.146528728
0.15,4.95238E-05,0.023024565,0.080184119,0.104692846,0.117613326,0.125538137,0.130888362,0.134743243,0.137653981,0.139929088,0.141756731,0.143257442,0.144510506,0.145574466
0.151,4.79839E-05,0.022420953,0.079441113,0.103892012,0.116773817,0.1246721,0.130003274,0.133843876,0.136743506,0.139009728,0.14083011,0.142324757,0.143572707,0.144632281
0.152,4.65033E-05,0.021826503,0.078707442,0.103101406,0.115945025,0.123817066,0.129129383,0.132955857,0.135844502,0.138101942,0.139915141,0.141403801,0.142646693,0.143701938
0.153,4.50788E-05,0.021241109,0.077982931,0.102320832,0.115126753,0.122972835,0.128266492,0.13207898,0.134956757,0.137205514,0.139011615,0.140494349,0.141732254,0.14278322
0.154,4.37073E-05,0.020664669,0.077267407,0.101550095,0.114318808,0.122139214,0.127414398,0.131213047,0.134080066,0.136320228,0.138119315,0.139596195,0.140829163,0.141875906
0.155,4.23883E-05,0.020097085,0.076560702,0.100789008,0.113521003,0.121316013,0.126572915,0.13035786,0.133214233,0.135445895,0.13723804,0.138709128,0.139937222,0.140979784
0.156,4.11182E-05,0.019538266,0.075862655,0.100037388,0.112733153,0.12050305,0.125741849,0.129513231,0.132359064,0.134582312,0.13636759,0.137832951,0.139056223,0.140094658
0.157,3.98957E-05,0.018988127,0.075173107,0.099295055,0.111955073,0.119700141,0.124921025,0.128678973,0.131514368,0.13372929,0.135507767,0.136967467,0.138185973,0.139220321
0.158,3.87173E-05,0.018446584,0.074491904,0.098561832,0.111186589,0.118907106,0.124110258,0.127854904,0.130679964,0.132886642,0.134658392,0.136112487,0.137326271,0.138356579
0.159,3.75821E-05,0.017913561,0.073818899,0.097837548,0.110427526,0.118123774,0.123309379,0.127040851,0.129855678,0.132054188,0.133819275,0.135267821,0.136476938,0.137503251
0.16,3.64874E-05,0.017388988,0.073153945,0.097122035,0.109677711,0.117349971,0.122518209,0.126236637,0.129041325,0.131231753,0.132990244,0.134433291,0.135637789,0.136660144
0.161,3.54332E-05,0.0168728,0.072496902,0.096415129,0.108936975,0.116585537,0.121736585,0.125442095,0.128236745,0.130419159,0.132171117,0.133608726,0.134808651,0.135827089
0.162,3.44157E-05,0.016364937,0.071847631,0.095716673,0.108205158,0.115830299,0.120964342,0.124657062,0.127441765,0.129616246,0.13136173,0.132793947,0.133989345,0.135003906
0.163,3.34355E-05,0.015865343,0.071205999,0.095026505,0.107482094,0.115084099,0.120201318,0.123881373,0.126656221,0.128822843,0.130561921,0.131988798,0.13317971,0.13419043
0.164,3.24893E-05,0.01537397,0.070571873,0.094344479,0.106767624,0.11434678,0.119447354,0.123114869,0.12587996,0.128038793,0.12977152,0.131193107,0.132379576,0.133386492
0.165,3.15751E-05,0.014890777,0.069945125,0.093670444,0.106061596,0.113618183,0.118702299,0.122357401,0.125112827,0.127263942,0.128990376,0.130406721,0.131588792,0.132591933
0.166,3.06944E-05,0.014415728,0.069325631,0.093004257,0.105363857,0.112898159,0.117965999,0.121608809,0.124354661,0.126498134,0.128218332,0.129629482,0.130807193,0.131806602
0.167,2.98432E-05,0.013948791,0.068713267,0.092345778,0.104674256,0.112186556,0.117238303,0.120868952,0.123605321,0.12574122,0.127455236,0.128861246,0.13003463,0.131030334
0.168,2.90213E-05,0.013489945,0.068107912,0.091694868,0.103992649,0.111483227,0.116519065,0.120137676,0.122864654,0.124993053,0.126700948,0.128101855,0.129270958,0.130262992
0.169,2.8227E-05,0.013039173,0.06750945,0.091051396,0.103318893,0.110788028,0.115808141,0.119414845,0.122132523,0.124253487,0.125955316,0.127351166,0.128516025,0.129504424
0.17,2.74599E-05,0.012596467,0.066917763,0.090415233,0.102652848,0.110100819,0.115105391,0.118700308,0.121408781,0.123522385,0.1252182,0.126609043,0.127769695,0.12875449
0.171,2.67187E-05,0.012161823,0.066332739,0.089786251,0.101994376,0.109421456,0.114410671,0.117993935,0.120693294,0.122799605,0.124489467,0.125875343,0.127031827,0.128013047
0.172,2.60028E-05,0.011735249,0.065754267,0.089164329,0.101343343,0.108749805,0.113723852,0.117295585,0.119985924,0.122085014,0.123768975,0.12514993,0.126302287,0.127279962
0.173,2.53097E-05,0.011316757,0.065182236,0.088549349,0.10069962,0.108085734,0.113044792,0.116605129,0.11928654,0.121378478,0.123056593,0.124432672,0.125580933,0.126555102
0.174,2.46397E-05,0.01090637,0.064616538,0.087941193,0.100063081,0.107429109,0.112373365,0.11592243,0.118595007,0.120679865,0.12235219,0.123723441,0.124867645,0.125838331
0.175,2.39921E-05,0.010504116,0.06405707,0.087339749,0.099433598,0.106779802,0.111709438,0.115247361,0.117911195,0.119989048,0.121655637,0.123022102,0.124162287,0.125129518
0.176,2.33649E-05,0.010110035,0.063503725,0.086744909,0.098811052,0.106137687,0.111052885,0.114579793,0.117234982,0.119305901,0.12096681,0.122328535,0.123464737,0.124428549
0.177,2.27581E-05,0.009724174,0.062956404,0.086156564,0.098195322,0.10550264,0.110403579,0.113919604,0.116566245,0.118630295,0.120285582,0.121642613,0.122774869,0.123735292
0.178,2.21717E-05,0.009346585,0.062415003,0.085574609,0.097586297,0.104874542,0.109761401,0.113266671,0.115904853,0.117962112,0.119611837,0.120964213,0.122092561,0.123049624
0.179,2.16028E-05,0.008977336,0.061879427,0.084998946,0.096983859,0.104253271,0.109126229,0.112620868,0.115250694,0.117301233,0.118945445,0.120293219,0.121417692,0.122371429
0.18,2.10531E-05,0.008616496,0.061349575,0.084429473,0.096387902,0.103638712,0.108497941,0.111982086,0.114603642,0.116647535,0.118286295,0.119629511,0.120750152,0.121700587
0.181,2.05198E-05,0.008264146,0.060825356,0.083866095,0.095798317,0.103030754,0.107876428,0.111350198,0.113963588,0.116000905,0.117634271,0.118972971,0.120089814,0.12103699
0.182,2.00037E-05,0.007920372,0.060306674,0.083308719,0.095214999,0.102429285,0.107261574,0.110725097,0.113330411,0.115361227,0.116989257,0.11832349,0.119436573,0.120380512
0.183,1.9504E-05,0.007585268,0.059793438,0.082757251,0.09463785,0.101834198,0.106653265,0.110106668,0.112704002,0.114728391,0.116351139,0.11768095,0.118790317,0.119731048
0.184,1.90186E-05,0.007258928,0.05928556,0.082211602,0.094066767,0.101245384,0.106051394,0.109494802,0.112084248,0.114102284,0.11571981,0.117045249,0.118150929,0.11908849
0.185,1.8549E-05,0.006941456,0.05878295,0.081671685,0.093501656,0.100662743,0.105455854,0.108889388,0.111471042,0.113482796,0.11509516,0.11641627,0.11751831,0.11845273
0.186,1.80935E-05,0.006632949,0.058285523,0.081137412,0.092942423,0.100086171,0.104866543,0.108290323,0.11086428,0.112869825,0.11447708,0.11579391,0.116892347,0.117823659
0.187,1.76519E-05,0.006333507,0.057793194,0.0806087,0.092388978,0.099515574,0.104283355,0.107697501,0.110263851,0.112263264,0.113865469,0.115178065,0.116272934,0.11720117
0.188,1.72244E-05,0.006043225,0.057305881,0.080085467,0.09184123,0.098950855,0.103706193,0.10711082,0.109669655,0.111663001,0.11326022,0.114568632,0.115659973,0.116585164
0.189,1.68084E-05,0.005762186,0.056823503,0.079567629,0.091299093,0.098391918,0.103134957,0.106530181,0.109081593,0.111068947,0.112661235,0.113965506,0.115053357,0.115975537
0.19,1.64061E-05,0.005490464,0.056345983,0.079055109,0.090762482,0.097838675,0.102569554,0.105955484,0.108499562,0.110480997,0.112068408,0.113368589,0.114452989,0.115372189
0.191,1.60146E-05,0.005228121,0.055873242,0.078547826,0.090231315,0.097291035,0.10200989,0.105386637,0.107923469,0.109899054,0.111481647,0.11277778,0.113858771,0.114775022
0.192,1.56353E-05,0.004975197,0.055405206,0.078045707,0.089705511,0.096748912,0.101455872,0.104823546,0.107353216,0.109323022,0.110900853,0.112192984,0.113270603,0.114183943
0.193,1.52675E-05,0.00473171,0.054941802,0.077548672,0.089184992,0.096212223,0.100907415,0.104266114,0.106788711,0.108752802,0.110325926,0.111614111,0.112688395,0.113598849
0.194,1.49099E-05,0.004497657,0.05448296,0.077056651,0.088669684,0.095680883,0.100364428,0.103714258,0.106229861,0.108188308,0.109756784,0.111041063,0.11211205,0.113019658
0.195,1.45624E-05,0.004273005,0.05402861,0.076569566,0.088159507,0.095154815,0.099826829,0.103167889,0.105676577,0.107629449,0.10919333,0.110473745,0.11154148,0.112446264
0.196,1.42257E-05,0.004057695,0.053578681,0.076087347,0.087654391,0.094633939,0.099294533,0.102626917,0.105128773,0.107076133,0.108635472,0.109912071,0.110976586,0.11187859
0.197,1.38987E-05,0.003851638,0.053133111,0.075609922,0.087154264,0.09411818,0.098767463,0.102091263,0.104586361,0.106528274,0.108083126,0.109355953,0.110417289,0.111316534
0.198,1.35806E-05,0.003654714,0.052691834,0.075137221,0.086659056,0.09360746,0.098245539,0.101560842,0.104049261,0.105985787,0.107536202,0.108805306,0.109863497,0.110760023
0.199,1.32712E-05,0.003466779,0.052254788,0.074669175,0.086168696,0.093101712,0.097728685,0.101035577,0.103517387,0.105448588,0.106994619,0.10826004,0.109315125,0.11020896
0.2,1.29704E-05,0.003287655,0.051821909,0.074205714,0.08568312,0.092600862,0.097216823,0.100515391,0.102990662,0.104916597,0.106458295,0.107720075,0.108772089,0.10966326
0.201,1.2679E-05,0.003117142,0.05139314,0.073746773,0.08520226,0.092104841,0.096709886,0.100000205,0.102469005,0.104389735,0.105927149,0.107185328,0.108234306,0.10912285
0.202,1.23956E-05,0.002955017,0.050968423,0.073292284,0.084726052,0.091613584,0.096207797,0.099489946,0.101952345,0.103867921,0.105401098,0.10665572,0.107701699,0.10858764
0.203,1.21194E-05,0.002801036,0.050547698,0.072842182,0.08425443,0.091127021,0.095710492,0.098984542,0.101440601,0.10335108,0.104880068,0.106131171,0.107174184,0.108057557
0.204,1.18506E-05,0.002654937,0.050130912,0.072396403,0.083787335,0.09064509,0.095217899,0.098483922,0.100933702,0.102839141,0.104363984,0.105611607,0.106651686,0.107532518
0.205,1.15907E-05,0.002516443,0.04971801,0.071954883,0.083324703,0.090167729,0.094729954,0.097988019,0.10043158,0.102332027,0.103852766,0.105096949,0.106134133,0.10701245
0.206,1.1336E-05,0.002385269,0.049308937,0.071517558,0.082866473,0.089694875,0.094246592,0.097496767,0.099934164,0.101829665,0.103346348,0.10458713,0.105621442,0.10649728
0.207,1.10892E-05,0.002261122,0.048903641,0.07108437,0.082412585,0.089226467,0.093767749,0.097010095,0.099441384,0.101331993,0.10284466,0.104082071,0.10511355,0.105986927
0.208,1.08495E-05,0.002143699,0.048502071,0.070655255,0.081962982,0.088762447,0.093293369,0.096527942,0.098953176,0.100838936,0.102347627,0.103581704,0.104610377,0.105481322
0.209,1.06159E-05,0.002032705,0.048104178,0.070230154,0.081517604,0.088302754,0.092823384,0.096050248,0.098469476,0.100350429,0.101855182,0.103085964,0.104111859,0.1049804
0.21,1.03882E-05,0.001927836,0.04770991,0.06980901,0.081076394,0.087847337,0.092357741,0.095576947,0.097990222,0.099866412,0.101367263,0.102594779,0.10361793,0.10448409
0.211,1.01663E-05,0.001828795,0.047319218,0.069391765,0.080639296,0.087396132,0.091896382,0.095107984,0.09751535,0.099386819,0.100883806,0.10210809,0.103128515,0.103992324
0.212,9.95141E-06,0.001735293,0.046932055,0.068978361,0.080206254,0.086949091,0.091439249,0.0946433,0.097044801,0.098911586,0.100404742,0.101625825,0.102643558,0.103505033
0.213,9.74094E-06,0.001647041,0.046548374,0.068568743,0.079777211,0.086506155,0.090986288,0.094182839,0.096578516,0.098440659,0.099930018,0.101147925,0.102162992,0.103022156
0.214,9.53672E-06,0.001563762,0.046168128,0.068162858,0.079352115,0.086067273,0.090537442,0.093726543,0.096116439,0.097973972,0.099459565,0.100674326,0.101686753,0.102543631
0.215,9.33779E-06,0.001485187,0.045791269,0.067760651,0.078930912,0.085632392,0.090092663,0.093274358,0.095658512,0.097511472,0.098993332,0.100204976,0.101214785,0.102069397
0.216,9.14344E-06,0.001411056,0.045417753,0.067362073,0.078513548,0.08520146,0.089651894,0.092826233,0.095204684,0.097053104,0.098531258,0.099739811,0.100747022,0.101599392
0.217,8.95527E-06,0.00134112,0.045047534,0.066967069,0.078099972,0.084774425,0.08921509,0.092382116,0.094754901,0.096598811,0.098073288,0.099278774,0.100283414,0.101133558
0.218,8.77105E-06,0.00127514,0.044680569,0.066575589,0.07769013,0.084351241,0.088782195,0.091941953,0.094309109,0.096148539,0.097619368,0.098821811,0.099823897,0.100671838
0.219,8.59085E-06,0.001212887,0.044316813,0.066187587,0.077283972,0.083931852,0.088353164,0.091505695,0.093867257,0.095702239,0.097169443,0.098368866,0.099368423,0.100214176
0.22,8.41601E-06,0.001154146,0.043956222,0.065803013,0.076881447,0.083516214,0.087927944,0.091073296,0.093429295,0.095259857,0.096723463,0.097919891,0.098916935,0.099760518
0.221,8.24603E-06,0.001098709,0.043598755,0.065421819,0.076482508,0.083104276,0.08750649,0.090644706,0.092995175,0.094821346,0.096281378,0.097474829,0.098469384,0.099310813
0.222,8.07967E-06,0.00104638,0.043244367,0.065043964,0.076087103,0.082695992,0.087088755,0.090219876,0.092564849,0.094386654,0.095843134,0.097033631,0.09802571,0.098865007
0.223,7.91793E-06,0.000996978,0.042893018,0.064669398,0.075695185,0.082291313,0.086674694,0.08979876,0.09213827,0.093955734,0.095408686,0.096596247,0.097585869,0.098423043
0.224,7.75998E-06,0.000950323,0.042544664,0.06429808,0.075306705,0.081890193,0.086264257,0.089381314,0.091715392,0.093528544,0.094977985,0.096162631,0.097149812,0.097984883
0.225,7.60625E-06,0.000906254,0.042199268,0.063929968,0.074921618,0.081492585,0.085857402,0.088967491,0.091296169,0.093105031,0.094550983,0.095732733,0.096717492,0.097550468
0.226,7.45532E-06,0.000864613,0.041856787,0.063565017,0.074539879,0.081098445,0.085454082,0.088557249,0.090880556,0.092685151,0.094127642,0.095306508,0.096288856,0.097119759
0.227,7.30905E-06,0.000825255,0.041517182,0.06320319,0.074161438,0.080707728,0.085054255,0.088150546,0.09046851,0.092268863,0.093707907,0.094883912,0.095863866,0.096692703
0.228,7.16643E-06,0.000788043,0.041180415,0.062844444,0.073786253,0.080320387,0.084657879,0.087747332,0.090059988,0.091856123,0.093291737,0.094464897,0.095442472,0.096269255
0.229,7.02652E-06,0.000752847,0.040846445,0.062488743,0.073414281,0.079936381,0.084264908,0.087347571,0.089654948,0.09144689,0.092879093,0.094049423,0.095024631,0.095849377
0.23,6.8901E-06,0.000719546,0.040515236,0.062136048,0.073045477,0.079555665,0.0838753,0.08695122,0.089253349,0.091041118,0.092469931,0.093637447,0.094610301,0.095433018
0.231,6.75747E-06,0.000688026,0.040186752,0.06178632,0.072679799,0.079178197,0.083489015,0.086558236,0.088855147,0.090638767,0.092064209,0.093228923,0.094199439,0.095020142
0.232,6.62819E-06,0.00065818,0.039860953,0.061439526,0.072317204,0.078803935,0.083106009,0.086168577,0.088460304,0.090239799,0.091661884,0.092823817,0.093792004,0.094610704
0.233,6.50147E-06,0.000629909,0.039537806,0.061095628,0.071957655,0.078432834,0.082726242,0.085782207,0.08806878,0.089844172,0.091262921,0.092422085,0.093387959,0.094204662
0.234,6.37833E-06,0.000603117,0.039217276,0.060754592,0.07160111,0.078064855,0.082349673,0.085399083,0.087680535,0.089451846,0.090867277,0.092023688,0.092987257,0.093801977
0.235,6.25699E-06,0.000577719,0.038899327,0.060416383,0.071247528,0.077699958,0.081976262,0.085019164,0.08729553,0.089062785,0.090474915,0.091628583,0.092589863,0.093402608
0.236,6.13889E-06,0.000553629,0.038583926,0.060080968,0.070896871,0.077338102,0.08160597,0.084642415,0.086913725,0.088676949,0.090085797,0.091236737,0.092195739,0.093006522
0.237,6.02463E-06,0.000530774,0.038271041,0.059748316,0.070549103,0.076979247,0.081238757,0.084268797,0.086535085,0.088294297,0.089699882,0.090848113,0.091804844,0.092613673
0.238,5.91189E-06,0.000509078,0.037960639,0.059418392,0.070204186,0.076623353,0.080874584,0.083898268,0.08615957,0.087914797,0.089317137,0.090462672,0.091417145,0.092224032
0.239,5.80258E-06,0.000488476,0.037652689,0.059091166,0.069862085,0.076270386,0.080513414,0.083530795,0.085787145,0.087538413,0.088937521,0.090080374,0.091032602,0.091837554
0.24,5.69471E-06,0.000468902,0.037347161,0.058766606,0.069522762,0.075920303,0.080155209,0.083166337,0.085417773,0.087165105,0.088561003,0.089701188,0.090651181,0.091454212
0.241,5.59049E-06,0.000450299,0.037044022,0.058444681,0.069186185,0.075573071,0.079799929,0.082804858,0.085051412,0.086794836,0.088187544,0.089325075,0.09027285,0.091073964
0.242,5.4882E-06,0.00043261,0.036743245,0.058125362,0.06885232,0.075228649,0.079447539,0.082446324,0.084688035,0.086427574,0.08781711,0.088952002,0.089897564,0.090696774
0.243,5.38728E-06,0.000415784,0.036444802,0.057808617,0.068521132,0.074887006,0.079098001,0.082090695,0.084327599,0.086063281,0.087449666,0.088581934,0.089525297,0.09032261
0.244,5.28936E-06,0.000399768,0.036148663,0.057494421,0.06819259,0.074548103,0.078751281,0.08173794,0.083970075,0.085701926,0.087085176,0.088214837,0.089156014,0.089951442
0.245,5.19413E-06,0.000384523,0.035854802,0.05718274,0.067866661,0.074211907,0.078407345,0.081388019,0.083615422,0.085343469,0.086723607,0.087850679,0.088789676,0.089583229
0.246,5.10044E-06,0.00037,0.035563191,0.056873546,0.067543317,0.073878384,0.078066153,0.081040899,0.083263609,0.084987882,0.086364927,0.08748942,0.088426253,0.08921794
0.247,5.00926E-06,0.000356162,0.035273805,0.056566813,0.067222524,0.073547499,0.077727675,0.080696545,0.082914602,0.084635127,0.086009098,0.087131033,0.088065713,0.088855543
0.248,4.91969E-06,0.00034297,0.034986617,0.056262512,0.066904255,0.07321922,0.077391876,0.080354923,0.082568369,0.084285172,0.085656093,0.086775483,0.087708027,0.088496012
0.249,4.83295E-06,0.00033039,0.034701602,0.055960613,0.06658848,0.072893517,0.077058721,0.080016002,0.082224871,0.083937983,0.085305877,0.086422736,0.087353154,0.088139302
0.25,4.74687E-06,0.000318386,0.034418737,0.055661092,0.06627517,0.072570356,0.076728177,0.079679744,0.081884079,0.083593528,0.084958414,0.086072763,0.087001067,0.087785393