Oxygen,Radius,Myoglobin,Metabolism
0.011,5,0,0.488989217
0.012,5,0,0.512614722
0.013,5,0,0.534830676
0.014,5,0,0.555772847
0.015,5,0,0.57555598
0.016,5,0,0.594278061
0.017,5,0,0.61202354
0.018,5,0,0.628865821
0.019,5,0,0.644869218
0.011,5,0.01,0.514554106
0.012,5,0.01,0.538757213
0.013,5,0.01,0.561272306
0.014,5,0.01,0.58226483
0.015,5,0.01,0.601880908
0.016,5,0.01,0.620249811
0.017,5,0.01,0.637485872
0.018,5,0.01,0.65369012
0.019,5,0.01,0.668951751
0.011,5,0.02,0.53095817
0.012,5,0.02,0.555672366
0.013,5,0.02,0.578515161
0.014,5,0.02,0.59966621
0.015,5,0.02,0.619288333
0.016,5,0.02,0.637528698
0.017,5,0.02,0.654519722
0.018,5,0.02,0.670379954
0.019,5,0.02,0.685215049
0.011,5,0.03,0.5423743
0.012,5,0.03,0.567500473
0.013,5,0.03,0.590626205
0.014,5,0.03,0.611939196
0.015,5,0.03,0.631612654
0.016,5,0.03,0.649805515
0.017,5,0.03,0.666662502
0.018,5,0.03,0.682314388
0.019,5,0.03,0.696878525
0.011,5,0.04,0.550783706
0.012,5,0.04,0.576243041
0.013,5,0.04,0.599606545
0.014,5,0.04,0.621066854
0.015,5,0.04,0.640804186
0.016,5,0.04,0.658985785
0.017,5,0.04,0.675765312
0.018,5,0.04,0.691282568
0.019,5,0.04,0.705663639
0.011,5,0.05,0.55724208
0.012,5,0.05,0.582975557
0.013,5,0.05,0.606540024
0.014,5,0.05,0.628131264
0.015,5,0.05,0.647934451
0.016,5,0.05,0.666122963
0.017,5,0.05,0.682857221
0.018,5,0.05,0.698283951
0.019,5,0.05,0.712536005
0.011,5,0.06,0.562362164
0.012,5,0.06,0.588325286
0.013,5,0.06,0.612061616
0.014,5,0.06,0.633768985
0.015,5,0.06,0.653636173
0.016,5,0.06,0.671841227
0.017,5,0.06,0.688549829
0.018,5,0.06,0.703914173
0.019,5,0.06,0.718072492
0.011,5,0.07,0.566523805
0.012,5,0.07,0.592682352
0.013,5,0.07,0.61656743
0.014,5,0.07,0.638378198
0.015,5,0.07,0.658306117
0.016,5,0.07,0.676532868
0.017,5,0.07,0.693228323
0.018,5,0.07,0.708549082
0.019,5,0.07,0.722637751
0.011,5,0.08,0.569975041
0.012,5,0.08,0.596302141
0.013,5,0.08,0.620317359
0.014,5,0.08,0.642220694
0.015,5,0.08,0.662205635
0.016,5,0.08,0.680456742
0.017,5,0.08,0.697147275
0.018,5,0.08,0.712437454
0.019,5,0.08,0.7264735
0.011,5,0.09,0.572884783
0.012,5,0.09,0.599358928
0.013,5,0.09,0.623489085
0.014,5,0.09,0.64547576
0.015,5,0.09,0.665513992
0.016,5,0.09,0.683790652
0.017,5,0.09,0.700481788
0.018,5,0.09,0.715750627
0.019,5,0.09,0.729746426
0.011,5,0.1,0.5753721
0.012,5,0.1,0.601975782
0.013,5,0.1,0.626208288
0.014,5,0.1,0.648270399
0.015,5,0.1,0.668358349
0.016,5,0.1,0.686660887
0.017,5,0.1,0.703356379
0.018,5,0.1,0.718610586
0.019,5,0.1,0.732575337
0.011,5,0.11,0.577523381
0.012,5,0.11,0.604242137
0.013,5,0.11,0.628566437
0.014,5,0.11,0.65069717
0.015,5,0.11,0.670831495
0.016,5,0.11,0.689159706
0.017,5,0.11,0.705862115
0.018,5,0.11,0.721106638
0.019,5,0.11,0.735047314
0.011,5,0.12,0.579402856
0.012,5,0.12,0.60622459
0.013,5,0.12,0.630631735
0.014,5,0.12,0.652825174
0.015,5,0.12,0.673002786
0.016,5,0.12,0.691356143
0.017,5,0.12,0.708067208
0.018,5,0.12,0.723305749
0.019,5,0.12,0.737227714
0.011,5,0.13,0.581059297
0.012,5,0.13,0.607973774
0.013,5,0.13,0.632456104
0.014,5,0.13,0.654707079
0.015,5,0.13,0.674925141
0.016,5,0.13,0.693302929
0.017,5,0.13,0.710023815
0.018,5,0.13,0.72525917
0.019,5,0.13,0.739166606
0.011,5,0.14,0.582530414
0.012,5,0.14,0.60952889
0.013,5,0.14,0.634079791
0.014,5,0.14,0.65638376
0.015,5,0.14,0.676639674
0.016,5,0.14,0.695041068
0.017,5,0.14,0.711772532
0.018,5,0.14,0.72700683
0.019,5,0.14,0.740903035
0.011,5,0.15,0.583845833
0.012,5,0.15,0.610920776
0.013,5,0.15,0.635534493
0.014,5,0.15,0.657887439
0.015,5,0.15,0.678178826
0.016,5,0.15,0.696602952
0.017,5,0.15,0.713345456
0.018,5,0.15,0.728580325
0.019,5,0.15,0.742467925
0.011,5,0.16,0.58502916
0.012,5,0.16,0.612174028
0.013,5,0.16,0.63684552
0.014,5,0.16,0.659243872
0.015,5,0.16,0.679568559
0.016,5,0.16,0.69801452
0.017,5,0.16,0.714768315
0.018,5,0.16,0.730005008
0.019,5,0.16,0.74388611
0.011,5,0.17,0.586099439
0.012,5,0.17,0.613308513
0.013,5,0.17,0.638033336
0.014,5,0.17,0.660473908
0.015,5,0.17,0.680829901
0.016,5,0.17,0.699296808
0.017,5,0.17,0.716061988
0.018,5,0.17,0.731301465
0.019,5,0.17,0.745177772
0.011,5,0.18,0.587072209
0.012,5,0.18,0.614340455
0.013,5,0.18,0.639114669
0.014,5,0.18,0.661594603
0.015,5,0.18,0.681980077
0.016,5,0.18,0.700467055
0.017,5,0.18,0.717243607
0.018,5,0.18,0.732486605
0.019,5,0.18,0.7463595
0.011,5,0.19,0.587960273
0.012,5,0.19,0.615283239
0.013,5,0.19,0.640103334
0.014,5,0.19,0.662620056
0.015,5,0.19,0.683033334
0.016,5,0.19,0.701539538
0.017,5,0.19,0.718327363
0.018,5,0.19,0.733574444
0.019,5,0.19,0.747445059
0.011,5,0.2,0.588774281
0.012,5,0.2,0.616148005
0.013,5,0.2,0.64101084
0.014,5,0.2,0.663562024
0.015,5,0.2,0.684001563
0.016,5,0.2,0.702526179
0.017,5,0.2,0.719325122
0.018,5,0.2,0.734576712
0.019,5,0.2,0.748445972
0.011,10,0,0.273898838
0.012,10,0,0.288478686
0.013,10,0,0.302406133
0.014,10,0,0.315744718
0.015,10,0,0.328548555
0.016,10,0,0.340864249
0.017,10,0,0.352732245
0.018,10,0,0.364187829
0.019,10,0,0.375261927
0.011,10,0.01,0.292688314
0.012,10,0.01,0.308485695
0.013,10,0.01,0.323498934
0.014,10,0.01,0.33778966
0.015,10,0.01,0.351413225
0.016,10,0.01,0.364420171
0.017,10,0.01,0.376857057
0.018,10,0.01,0.3887669
0.019,10,0.01,0.400189443
0.011,10,0.02,0.305828023
0.012,10,0.02,0.322654192
0.013,10,0.02,0.338627048
0.014,10,0.02,0.353801583
0.015,10,0.02,0.368228499
0.016,10,0.02,0.381955722
0.017,10,0.02,0.395029114
0.018,10,0.02,0.407492715
0.019,10,0.02,0.419388723
0.011,10,0.03,0.315704399
0.012,10,0.03,0.333389953
0.013,10,0.03,0.350184702
0.014,10,0.03,0.366136492
0.015,10,0.03,0.381289975
0.016,10,0.03,0.395688357
0.017,10,0.03,0.409374218
0.018,10,0.03,0.422389757
0.019,10,0.03,0.434776668
0.011,10,0.04,0.323470814
0.012,10,0.04,0.341879894
0.013,10,0.04,0.359378251
0.014,10,0.04,0.376007219
0.015,10,0.04,0.391805443
0.016,10,0.04,0.406810915
0.017,10,0.04,0.421061997
0.018,10,0.04,0.434597772
0.019,10,0.04,0.447457953
0.011,10,0.05,0.329772217
0.012,10,0.05,0.348797003
0.013,10,0.05,0.36690143
0.014,10,0.05,0.384121211
0.015,10,0.05,0.400489515
0.016,10,0.05,0.416039265
0.017,10,0.05,0.430804398
0.018,10,0.05,0.444820381
0.019,10,0.05,0.458124217
0.011,10,0.06,0.335004921
0.012,10,0.06,0.354559166
0.013,10,0.06,0.37318962
0.014,10,0.06,0.390927253
0.015,10,0.06,0.407800409
0.016,10,0.06,0.423837336
0.017,10,0.06,0.439067682
0.018,10,0.06,0.453523187
0.019,10,0.06,0.467237829
0.011,10,0.07,0.339429135
0.012,10,0.07,0.359443039
0.013,10,0.07,0.378533521
0.014,10,0.07,0.396727588
0.015,10,0.07,0.414049394
0.016,10,0.07,0.430522992
0.017,10,0.07,0.446174016
0.018,10,0.07,0.461030577
0.019,10,0.07,0.475123544
0.011,10,0.08,0.34322432
0.012,10,0.08,0.363640714
0.013,10,0.08,0.383136395
0.014,10,0.08,0.401735058
0.015,10,0.08,0.419457256
0.016,10,0.08,0.436323311
0.017,10,0.08,0.452355186
0.018,10,0.08,0.467577551
0.019,10,0.08,0.482018221
0.011,10,0.09,0.346519034
0.012,10,0.09,0.367290572
0.013,10,0.09,0.387145527
0.014,10,0.09,0.406104825
0.015,10,0.09,0.424185925
0.016,10,0.09,0.441405859
0.017,10,0.09,0.457783265
0.018,10,0.09,0.473339609
0.019,10,0.09,0.488099774
0.011,10,0.1,0.349408207
0.012,10,0.1,0.370495276
0.013,10,0.1,0.390670725
0.014,10,0.1,0.409953161
0.015,10,0.1,0.428357383
0.016,10,0.1,0.445897529
0.017,10,0.1,0.462589241
0.018,10,0.1,0.478451035
0.019,10,0.1,0.493505018
0.011,10,0.11,0.351963691
0.012,10,0.11,0.37333284
0.013,10,0.11,0.393795786
0.014,10,0.11,0.413369186
0.015,10,0.11,0.432065548
0.016,10,0.11,0.449896466
0.017,10,0.11,0.466874894
0.018,10,0.11,0.483016639
0.019,10,0.11,0.498341213
0.011,10,0.12,0.354241007
0.012,10,0.12,0.375863747
0.013,10,0.12,0.396585909
0.014,10,0.12,0.416422504
0.015,10,0.12,0.435384062
0.016,10,0.12,0.453479937
0.017,10,0.12,0.470720671
0.018,10,0.12,0.487119597
0.019,10,0.12,0.50269381
0.011,10,0.13,0.356283811
0.012,10,0.13,0.378135697
0.013,10,0.13,0.399092676
0.014,10,0.13,0.419168363
0.015,10,0.13,0.438371576
0.016,10,0.13,0.456709694
0.017,10,0.13,0.474191094
0.018,10,0.13,0.490826854
0.019,10,0.13,0.506631827
0.011,10,0.14,0.358126953
0.012,10,0.14,0.38018686
0.013,10,0.14,0.401357472
0.014,10,0.14,0.421651218
0.015,10,0.14,0.441075428
0.016,10,0.14,0.459635734
0.017,10,0.14,0.47733857
0.018,10,0.14,0.494192957
0.019,10,0.14,0.510211672
0.011,10,0.15,0.359798623
0.012,10,0.15,0.382048177
0.013,10,0.15,0.403413926
0.014,10,0.15,0.423907281
0.015,10,0.15,0.443534278
0.016,10,0.15,0.462299001
0.017,10,0.15,0.480206134
0.018,10,0.15,0.497262825
0.019,10,0.15,0.513479929
0.011,10,0.16,0.361321885
0.012,10,0.16,0.383745013
0.013,10,0.16,0.405289659
0.014,10,0.16,0.425966364
0.015,10,0.16,0.44578003
0.016,10,0.16,0.464733364
0.017,10,0.16,0.482829478
0.018,10,0.16,0.500073804
0.019,10,0.16,0.516475427
0.011,10,0.17,0.362715807
0.012,10,0.17,0.385298371
0.013,10,0.17,0.407007586
0.014,10,0.17,0.427853245
0.015,10,0.17,0.447839254
0.016,10,0.17,0.466967095
0.017,10,0.17,0.485238458
0.018,10,0.17,0.50265721
0.019,10,0.17,0.519230795
0.011,10,0.18,0.363996297
0.012,10,0.18,0.386725798
0.013,10,0.18,0.408586882
0.014,10,0.18,0.429588696
0.015,10,0.18,0.449734268
0.016,10,0.18,0.469023985
0.017,10,0.18,0.487458252
0.018,10,0.18,0.505039503
0.019,10,0.18,0.521773664
0.011,10,0.19,0.365176738
0.012,10,0.19,0.388042077
0.013,10,0.19,0.410043723
0.014,10,0.19,0.431190264
0.015,10,0.19,0.451483955
0.016,10,0.19,0.470924201
0.017,10,0.19,0.48951024
0.018,10,0.19,0.507243195
0.019,10,0.19,0.524127585
0.011,10,0.2,0.366268474
0.012,10,0.2,0.389259749
0.013,10,0.2,0.41139185
0.014,10,0.2,0.432672879
0.015,10,0.2,0.453104405
0.016,10,0.2,0.472684953
0.017,10,0.2,0.4914127
0.018,10,0.2,0.509287563
0.019,10,0.2,0.526312761
0.011,15,0,0.188350152
0.012,15,0,0.198587114
0.013,15,0,0.208400124
0.014,15,0,0.217830044
0.015,15,0,0.226911698
0.016,15,0,0.235675187
0.017,15,0,0.244146782
0.018,15,0,0.252349549
0.019,15,0,0.260303823
0.011,15,0.01,0.201472666
0.012,15,0.01,0.212676876
0.013,15,0.01,0.223382993
0.014,15,0.01,0.233627536
0.015,15,0.01,0.243442863
0.016,15,0.01,0.252858411
0.017,15,0.01,0.261901415
0.018,15,0.01,0.270597298
0.019,15,0.01,0.278969875
0.011,15,0.02,0.210717854
0.012,15,0.02,0.222723763
0.013,15,0.02,0.234199648
0.014,15,0.02,0.245176232
0.015,15,0.02,0.255680891
0.016,15,0.02,0.265739072
0.017,15,0.02,0.275375108
0.018,15,0.02,0.284612626
0.019,15,0.02,0.293474706
0.011,15,0.03,0.21772515
0.012,15,0.03,0.230395795
0.013,15,0.03,0.24252447
0.014,15,0.03,0.254136821
0.015,15,0.03,0.265255327
0.016,15,0.03,0.275900937
0.017,15,0.03,0.286094057
0.018,15,0.03,0.295855096
0.019,15,0.03,0.305204688
0.011,15,0.04,0.223284114
0.012,15,0.04,0.236513019
0.013,15,0.04,0.24919825
0.014,15,0.04,0.261361422
0.015,15,0.04,0.273020846
0.016,15,0.04,0.284193333
0.017,15,0.04,0.294895366
0.018,15,0.04,0.305143798
0.019,15,0.04,0.3149562
0.011,15,0.05,0.227835674
0.012,15,0.05,0.241539825
0.013,15,0.05,0.254704018
0.014,15,0.05,0.2673468
0.015,15,0.05,0.279483112
0.016,15,0.05,0.291126235
0.017,15,0.05,0.302289101
0.018,15,0.05,0.312985135
0.019,15,0.05,0.323228748
0.011,15,0.06,0.231650539
0.012,15,0.06,0.245764279
0.013,15,0.06,0.259344647
0.014,15,0.06,0.272407892
0.015,15,0.06,0.284966309
0.016,15,0.06,0.297030266
0.017,15,0.06,0.308609623
0.018,15,0.06,0.319714702
0.019,15,0.06,0.330356901
0.011,15,0.07,0.234906312
0.012,15,0.07,0.249376895
0.013,15,0.07,0.263322137
0.014,15,0.07,0.276756596
0.015,15,0.07,0.289690516
0.016,15,0.07,0.302131905
0.017,15,0.07,0.314088036
0.018,15,0.07,0.325566508
0.019,15,0.07,0.336575968
0.011,15,0.08,0.237725417
0.012,15,0.08,0.252509837
0.013,15,0.08,0.26677758
0.014,15,0.08,0.280541977
0.015,15,0.08,0.293811699
0.016,15,0.08,0.306592868
0.017,15,0.08,0.318890606
0.018,15,0.08,0.330710171
0.019,15,0.08,0.342057756
0.011,15,0.09,0.240195544
0.012,15,0.09,0.255258264
0.013,15,0.09,0.269813136
0.014,15,0.09,0.283872612
0.015,15,0.09,0.29744417
0.016,15,0.09,0.310532438
0.017,15,0.09,0.32314077
0.018,15,0.09,0.33527243
0.019,15,0.09,0.34693146
0.011,15,0.1,0.242381467
0.012,15,0.1,0.257692772
0.013,15,0.1,0.272504949
0.014,15,0.1,0.286829835
0.015,15,0.1,0.300674015
0.016,15,0.1,0.314040942
0.017,15,0.1,0.326932525
0.018,15,0.1,0.339350346
0.019,15,0.1,0.351296583
0.011,15,0.11,0.244332257
0.012,15,0.11,0.259867037
0.013,15,0.11,0.274911142
0.014,15,0.11,0.289475998
0.015,15,0.11,0.303567531
0.016,15,0.11,0.317188275
0.017,15,0.11,0.330338967
0.018,15,0.11,0.343019781
0.019,15,0.11,0.355231284
0.011,15,0.12,0.246085894
0.012,15,0.12,0.261822726
0.013,15,0.12,0.277076986
0.014,15,0.12,0.291859843
0.015,15,0.12,0.306176747
0.016,15,0.12,0.320029521
0.017,15,0.12,0.333417956
0.018,15,0.12,0.34634105
0.019,15,0.12,0.35879799
0.011,15,0.13,0.247672302
0.012,15,0.13,0.263592754
0.013,15,0.13,0.279038349
0.014,15,0.13,0.294020112
0.015,15,0.13,0.30854316
0.016,15,0.13,0.322608774
0.017,15,0.13,0.336215986
0.018,15,0.13,0.349362816
0.019,15,0.13,0.362047274
0.011,15,0.14,0.249115432
0.012,15,0.14,0.265203527
0.013,15,0.14,0.280824073
0.014,15,0.14,0.295988042
0.015,15,0.14,0.310700331
0.016,15,0.14,0.324961814
0.017,15,0.14,0.338770914
0.018,15,0.14,0.352124847
0.019,15,0.14,0.365020617
0.011,15,0.15,0.250434718
0.012,15,0.15,0.266676509
0.013,15,0.15,0.282457656
0.014,15,0.15,0.297789145
0.015,15,0.15,0.31267574
0.016,15,0.15,0.327118018
0.017,15,0.15,0.341113922
0.018,15,0.15,0.354660002
0.019,15,0.15,0.367752409
0.011,15,0.16,0.251646118
0.012,15,0.16,0.268029352
0.013,15,0.16,0.283958458
0.014,15,0.16,0.299444485
0.015,15,0.16,0.314492132
0.016,15,0.16,0.329101765
0.017,15,0.16,0.343270955
0.018,15,0.16,0.356995703
0.019,15,0.16,0.37027144
0.011,15,0.17,0.252762874
0.012,15,0.17,0.269276729
0.013,15,0.17,0.285342598
0.014,15,0.17,0.30097163
0.015,15,0.17,0.316168514
0.016,15,0.17,0.330933475
0.017,15,0.17,0.345263797
0.018,15,0.17,0.359155037
0.019,15,0.17,0.372602012
0.011,15,0.18,0.25379608
0.012,15,0.18,0.270430947
0.013,15,0.18,0.286623615
0.014,15,0.18,0.302385362
0.015,15,0.18,0.317720908
0.016,15,0.18,0.332630396
0.017,15,0.18,0.347110893
0.018,15,0.18,0.361157593
0.019,15,0.18,0.374764803
0.011,15,0.19,0.254755112
0.012,15,0.19,0.271502418
0.013,15,0.19,0.287812978
0.014,15,0.19,0.30369822
0.015,15,0.19,0.319162929
0.016,15,0.19,0.334207209
0.017,15,0.19,0.348827969
0.018,15,0.19,0.363020117
0.019,15,0.19,0.376777524
0.011,15,0.2,0.255647955
0.012,15,0.2,0.272500015
0.013,15,0.2,0.288920471
0.014,15,0.2,0.304920916
0.015,15,0.2,0.320506224
0.016,15,0.2,0.335676495
0.017,15,0.2,0.350428532
0.018,15,0.2,0.364757011
0.019,15,0.2,0.378655446
0.011,20,0,0.14330274
0.012,20,0,0.15115989
0.013,20,0,0.158703373
0.014,20,0,0.16596322
0.015,20,0,0.172964998
0.016,20,0,0.179730827
0.017,20,0,0.186280057
0.018,20,0,0.192629735
0.019,20,0,0.198794947
0.011,20,0.01,0.153244864
0.012,20,0.01,0.161873156
0.013,20,0.01,0.170138371
0.014,20,0.01,0.178066433
0.015,20,0.01,0.185680041
0.016,20,0.01,0.19299971
0.017,20,0.01,0.200044381
0.018,20,0.01,0.206831778
0.019,20,0.01,0.21337859
0.011,20,0.02,0.160251458
0.012,20,0.02,0.169511027
0.013,20,0.02,0.178389167
0.014,20,0.02,0.186907309
0.015,20,0.02,0.195084053
0.016,20,0.02,0.202936367
0.017,20,0.02,0.21048032
0.018,20,0.02,0.217731491
0.019,20,0.02,0.224705176
0.011,20,0.03,0.165569435
0.012,20,0.03,0.175348838
0.013,20,0.03,0.184742479
0.014,20,0.03,0.193768195
0.015,20,0.03,0.202440954
0.016,20,0.03,0.210774204
0.017,20,0.03,0.218780744
0.018,20,0.03,0.226473256
0.019,20,0.03,0.233864602
0.011,20,0.04,0.169796963
0.012,20,0.04,0.180011069
0.013,20,0.04,0.189841846
0.014,20,0.04,0.199304491
0.015,20,0.04,0.208411111
0.016,20,0.04,0.217172169
0.017,20,0.04,0.225597473
0.018,20,0.04,0.233696829
0.019,20,0.04,0.241480441
0.011,20,0.05,0.17326704
0.012,20,0.05,0.18385022
0.013,20,0.05,0.194055809
0.014,20,0.05,0.203897149
0.015,20,0.05,0.213384194
0.016,20,0.05,0.222525032
0.017,20,0.05,0.231326951
0.018,20,0.05,0.239797187
0.019,20,0.05,0.247943419
0.011,20,0.06,0.176183595
0.012,20,0.06,0.187084368
0.013,20,0.06,0.197614836
0.014,20,0.06,0.207787068
0.015,20,0.06,0.217609451
0.016,20,0.06,0.227088243
0.017,20,0.06,0.236228695
0.018,20,0.06,0.24503586
0.019,20,0.06,0.253515168
0.011,20,0.07,0.178680159
0.012,20,0.07,0.189857426
0.013,20,0.07,0.200672289
0.014,20,0.07,0.211135967
0.015,20,0.07,0.221255736
0.016,20,0.07,0.231036478
0.017,20,0.07,0.240481835
0.018,20,0.07,0.249595062
0.019,20,0.07,0.258379658
0.011,20,0.08,0.180848638
0.012,20,0.08,0.19226906
0.013,20,0.08,0.203335081
0.014,20,0.08,0.214057391
0.015,20,0.08,0.224442492
0.016,20,0.08,0.234494251
0.017,20,0.08,0.244215067
0.018,20,0.08,0.253606741
0.019,20,0.08,0.262671153
0.011,20,0.09,0.182754793
0.012,20,0.09,0.19439093
0.013,20,0.09,0.205680506
0.014,20,0.09,0.216633901
0.015,20,0.09,0.227257104
0.016,20,0.09,0.237553254
0.017,20,0.09,0.247523797
0.018,20,0.09,0.257169383
0.019,20,0.09,0.26649055
0.011,20,0.1,0.184447161
0.012,20,0.1,0.196276144
0.013,20,0.1,0.207766095
0.014,20,0.1,0.21892725
0.015,20,0.1,0.229765278
0.016,20,0.1,0.240282805
0.017,20,0.1,0.250480569
0.018,20,0.1,0.260358314
0.019,20,0.1,0.269915489
0.011,20,0.11,0.185962498
0.012,20,0.11,0.197965048
0.013,20,0.11,0.209635719
0.014,20,0.11,0.220984719
0.015,20,0.11,0.232017539
0.016,20,0.11,0.242736464
0.017,20,0.11,0.253141713
0.018,20,0.11,0.26323233
0.019,20,0.11,0.273006884
0.011,20,0.12,0.187329236
0.012,20,0.12,0.19948894
0.013,20,0.12,0.211323515
0.014,20,0.12,0.222843224
0.015,20,0.12,0.234053486
0.016,20,0.12,0.244956377
0.017,20,0.12,0.255551748
0.018,20,0.12,0.265838108
0.019,20,0.12,0.27581333
0.011,20,0.13,0.188569779
0.012,20,0.13,0.200872538
0.013,20,0.13,0.212856512
0.014,20,0.13,0.224532078
0.015,20,0.13,0.235904666
0.016,20,0.13,0.246976236
0.017,20,0.13,0.257746395
0.018,20,0.13,0.268213256
0.019,20,0.13,0.278374139
0.011,20,0.14,0.189702058
0.012,20,0.14,0.202135661
0.013,20,0.14,0.214256432
0.014,20,0.14,0.2260749
0.015,20,0.14,0.237596563
0.016,20,0.14,0.248823347
0.017,20,0.14,0.259754703
0.018,20,0.14,0.270388459
0.019,20,0.14,0.28072151
0.011,20,0.15,0.19074062
0.012,20,0.15,0.203294419
0.013,20,0.15,0.215540962
0.014,20,0.15,0.227490961
0.015,20,0.15,0.239150025
0.016,20,0.15,0.250520101
0.017,20,0.15,0.261600562
0.018,20,0.15,0.272389038
0.019,20,0.15,0.282882103
0.011,20,0.16,0.191697416
0.012,20,0.16,0.204362059
0.013,20,0.16,0.216724672
0.014,20,0.16,0.228796167
0.015,20,0.16,0.240582293
0.016,20,0.16,0.252085064
0.017,20,0.16,0.263303829
0.018,20,0.16,0.274236097
0.019,20,0.16,0.2848782
0.011,20,0.17,0.192582365
0.012,20,0.17,0.205349595
0.013,20,0.17,0.217819691
0.014,20,0.17,0.230003778
0.015,20,0.17,0.241907765
0.016,20,0.17,0.253533769
0.017,20,0.17,0.26488116
0.018,20,0.17,0.275947378
0.019,20,0.17,0.28672859
0.011,20,0.18,0.193403781
0.012,20,0.18,0.206266264
0.013,20,0.18,0.218836204
0.014,20,0.18,0.231124945
0.015,20,0.18,0.243138573
0.016,20,0.18,0.254879328
0.017,20,0.18,0.266346638
0.018,20,0.18,0.277537923
0.019,20,0.18,0.288449238
0.011,20,0.19,0.194168693
0.012,20,0.19,0.207119884
0.013,20,0.19,0.219782841
0.014,20,0.19,0.232169128
0.015,20,0.19,0.24428502
0.016,20,0.19,0.256132895
0.017,20,0.19,0.267712268
0.018,20,0.19,0.279020574
0.019,20,0.19,0.290053804
0.011,20,0.2,0.194883089
0.012,20,0.2,0.20791712
0.013,20,0.2,0.220666965
0.014,20,0.2,0.233144409
0.015,20,0.2,0.245355916
0.016,20,0.2,0.257304023
0.017,20,0.2,0.268988347
0.018,20,0.2,0.280406369
0.019,20,0.2,0.291554053
0.011,25,0,0.115591326
0.012,25,0,0.121959407
0.013,25,0,0.128078676
0.014,25,0,0.13397286
0.015,25,0,0.139662132
0.016,25,0,0.145163946
0.017,25,0,0.150493587
0.018,25,0,0.155664549
0.019,25,0,0.160688801
0.011,25,0.01,0.123562958
0.012,25,0.01,0.130566474
0.013,25,0.01,0.137284803
0.014,25,0.01,0.143738064
0.015,25,0.01,0.149943722
0.016,25,0.01,0.155917466
0.017,25,0.01,0.161673746
0.018,25,0.01,0.167226083
0.019,25,0.01,0.172587235
0.011,25,0.02,0.129176366
0.012,25,0.02,0.136695785
0.013,25,0.02,0.143917986
0.014,25,0.02,0.150859507
0.015,25,0.02,0.15753445
0.016,25,0.02,0.163955488
0.017,25,0.02,0.17013451
0.018,25,0.02,0.176082997
0.019,25,0.02,0.181812231
0.011,25,0.03,0.133436604
0.012,25,0.03,0.141378725
0.013,25,0.03,0.14902222
0.014,25,0.03,0.156380918
0.015,25,0.03,0.163466111
0.016,25,0.03,0.170287674
0.017,25,0.03,0.176854812
0.018,25,0.03,0.183176543
0.019,25,0.03,0.189261984
0.011,25,0.04,0.136824669
0.012,25,0.04,0.145119076
0.013,25,0.04,0.153118355
0.014,25,0.04,0.160834447
0.015,25,0.04,0.168276536
0.016,25,0.04,0.175452237
0.017,25,0.04,0.182368427
0.018,25,0.04,0.189031813
0.019,25,0.04,0.1954493
0.011,25,0.05,0.139607783
0.012,25,0.05,0.148200593
0.013,25,0.05,0.156504025
0.014,25,0.05,0.164528761
0.015,25,0.05,0.172282478
0.016,25,0.05,0.179771075
0.017,25,0.05,0.186999554
0.018,25,0.05,0.193972648
0.019,25,0.05,0.20069526
0.011,25,0.06,0.141949299
0.012,25,0.06,0.150798481
0.013,25,0.06,0.159364974
0.014,25,0.06,0.167658653
0.015,25,0.06,0.175686156
0.016,25,0.06,0.183452125
0.017,25,0.06,0.19096011
0.018,25,0.06,0.19821324
0.019,25,0.06,0.205214708
0.011,25,0.07,0.143956004
0.012,25,0.07,0.153028155
0.013,25,0.07,0.161824569
0.014,25,0.07,0.170354634
0.015,25,0.07,0.178624301
0.016,25,0.07,0.186637316
0.017,25,0.07,0.194396138
0.018,25,0.07,0.201902628
0.019,25,0.07,0.209158575
0.011,25,0.08,0.145701301
0.012,25,0.08,0.154969417
0.013,25,0.08,0.163968662
0.014,25,0.08,0.172708167
0.015,25,0.08,0.181193447
0.016,25,0.08,0.189427632
0.017,25,0.08,0.197412381
0.018,25,0.08,0.205148579
0.019,25,0.08,0.21263688
0.011,25,0.09,0.147237642
0.012,25,0.09,0.156679565
0.013,25,0.09,0.165859224
0.014,25,0.09,0.174785645
0.015,25,0.09,0.183464097
0.016,25,0.09,0.191897305
0.017,25,0.09,0.200086356
0.018,25,0.09,0.208031399
0.019,25,0.09,0.215732195
0.011,25,0.1,0.148603709
0.012,25,0.1,0.158201013
0.013,25,0.1,0.167542317
0.014,25,0.1,0.176636652
0.015,25,0.1,0.185489173
0.016,25,0.1,0.194102359
0.017,25,0.1,0.202476904
0.018,25,0.1,0.210612415
0.019,25,0.1,0.218507958
0.011,25,0.11,0.149828766
0.012,25,0.11,0.159565952
0.013,25,0.11,0.169053025
0.014,25,0.11,0.178299099
0.015,25,0.11,0.187309312
0.016,25,0.11,0.196086011
0.017,25,0.11,0.204629638
0.018,25,0.11,0.212939412
0.019,25,0.11,0.221013873
0.011,25,0.12,0.15093544
0.012,25,0.12,0.160799331
0.013,25,0.12,0.170418621
0.014,25,0.12,0.179802553
0.015,25,0.12,0.188956317
0.016,25,0.12,0.197882219
0.017,25,0.12,0.206580554
0.018,25,0.12,0.215050273
0.019,25,0.12,0.223289525
0.011,25,0.13,0.151941549
0.012,25,0.13,0.161920841
0.013,25,0.13,0.171660677
0.014,25,0.13,0.181170465
0.015,25,0.13,0.190455494
0.016,25,0.13,0.199518094
0.017,25,0.13,0.208358491
0.018,25,0.13,0.216975468
0.019,25,0.13,0.225366893
0.011,25,0.14,0.152861347
0.012,25,0.14,0.162946263
0.013,25,0.14,0.172796522
0.014,25,0.14,0.182421715
0.015,25,0.14,0.191827268
0.016,25,0.14,0.20101558
0.017,25,0.14,0.20998687
0.018,25,0.14,0.218739828
0.019,25,0.14,0.22727213
0.011,25,0.15,0.1537064
0.012,25,0.15,0.163888419
0.013,25,0.15,0.173840254
0.014,25,0.15,0.183571698
0.015,25,0.15,0.193088329
0.016,25,0.15,0.202392653
0.017,25,0.15,0.21148493
0.018,25,0.15,0.220363814
0.019,25,0.15,0.229026859
0.011,25,0.16,0.154486203
0.012,25,0.16,0.164757848
0.013,25,0.16,0.174803485
0.014,25,0.16,0.184633108
0.015,25,0.16,0.19425247
0.016,25,0.16,0.203664203
0.017,25,0.16,0.212868644
0.018,25,0.16,0.221864456
0.019,25,0.16,0.23064913
0.011,25,0.17,0.155208639
0.012,25,0.17,0.165563311
0.013,25,0.17,0.175695873
0.014,25,0.17,0.185616525
0.015,25,0.17,0.195331201
0.016,25,0.17,0.204842679
0.017,25,0.17,0.214151394
0.018,25,0.17,0.223256058
0.019,25,0.17,0.232154142
0.011,25,0.18,0.155880314
0.012,25,0.18,0.166312156
0.013,25,0.18,0.17652553
0.014,25,0.18,0.186530843
0.015,25,0.18,0.196334214
0.016,25,0.18,0.205938578
0.017,25,0.18,0.21534449
0.018,25,0.18,0.224550733
0.019,25,0.18,0.233554796
0.011,25,0.19,0.156506815
0.012,25,0.19,0.1670106
0.013,25,0.19,0.177299325
0.014,25,0.19,0.187383602
0.015,25,0.19,0.197269735
0.016,25,0.19,0.206960825
0.017,25,0.19,0.216457558
0.018,25,0.19,0.22575881
0.019,25,0.19,0.234862116
0.011,25,0.2,0.157092901
0.012,25,0.2,0.167663943
0.013,25,0.2,0.17802312
0.014,25,0.2,0.188181242
0.015,25,0.2,0.1981448
0.016,25,0.2,0.207917061
0.017,25,0.2,0.217498854
0.018,25,0.2,0.226889163
0.019,25,0.2,0.236085588
0.011,30,0,0.096842977
0.012,30,0,0.102194087
0.013,30,0,0.107339063
0.014,30,0,0.112297509
0.015,30,0,0.117086076
0.016,30,0,0.121719169
0.017,30,0,0.126209408
0.018,30,0,0.130567949
0.019,30,0,0.1348047
0.011,30,0.01,0.103486058
0.012,30,0.01,0.109375784
0.013,30,0.01,0.115030854
0.014,30,0.01,0.120467722
0.015,30,0.01,0.125700578
0.016,30,0.01,0.130742112
0.017,30,0.01,0.13560398
0.018,30,0.01,0.140297083
0.019,30,0.01,0.144831719
0.011,30,0.02,0.108159801
0.012,30,0.02,0.114484298
0.013,30,0.02,0.120565554
0.014,30,0.02,0.126417072
0.015,30,0.02,0.132050222
0.016,30,0.02,0.137475113
0.017,30,0.02,0.142701149
0.018,30,0.02,0.147737375
0.019,30,0.02,0.152592671
0.011,30,0.03,0.111705534
0.012,30,0.03,0.118384964
0.013,30,0.03,0.12482105
0.014,30,0.03,0.131025149
0.015,30,0.03,0.137006367
0.016,30,0.03,0.142772515
0.017,30,0.03,0.148330754
0.018,30,0.03,0.153688026
0.019,30,0.03,0.158851314
0.011,30,0.04,0.114525226
0.012,30,0.04,0.121499711
0.013,30,0.04,0.128234544
0.014,30,0.04,0.134739637
0.015,30,0.04,0.141022453
0.016,30,0.04,0.147089014
0.017,30,0.04,0.152944599
0.018,30,0.04,0.158594247
0.019,30,0.04,0.164043085
0.011,30,0.05,0.116841881
0.012,30,0.05,0.124065837
0.013,30,0.05,0.131055486
0.014,30,0.05,0.137819814
0.015,30,0.05,0.144365156
0.016,30,0.05,0.150696214
0.017,30,0.05,0.156816804
0.018,30,0.05,0.162730388
0.019,30,0.05,0.168440463
0.011,30,0.06,0.118791654
0.012,30,0.06,0.126229663
0.013,30,0.06,0.133439325
0.014,30,0.06,0.140429068
0.015,30,0.06,0.14720448
0.016,30,0.06,0.153769334
0.017,30,0.06,0.160126347
0.018,30,0.06,0.16627774
0.019,30,0.06,0.17222566
0.011,30,0.07,0.120463457
0.012,30,0.07,0.128087457
0.013,30,0.07,0.135489168
0.014,30,0.07,0.142676713
0.015,30,0.07,0.149655213
0.016,30,0.07,0.156427808
0.017,30,0.07,0.162996419
0.018,30,0.07,0.169362317
0.019,30,0.07,0.17552657
0.011,30,0.08,0.121918344
0.012,30,0.08,0.129705708
0.013,30,0.08,0.137276683
0.014,30,0.08,0.144639257
0.015,30,0.08,0.151798285
0.016,30,0.08,0.158756497
0.017,30,0.08,0.165515253
0.018,30,0.08,0.172075123
0.019,30,0.08,0.178436331
0.011,30,0.09,0.123199913
0.012,30,0.09,0.131132111
0.013,30,0.09,0.138853539
0.014,30,0.09,0.146372167
0.015,30,0.09,0.153692723
0.016,30,0.09,0.160817692
0.017,30,0.09,0.16774806
0.018,30,0.09,0.174483886
0.019,30,0.09,0.181024752
0.011,30,0.1,0.124340286
0.012,30,0.1,0.132401939
0.013,30,0.1,0.140258106
0.014,30,0.1,0.147916819
0.015,30,0.1,0.155382779
0.016,30,0.1,0.162658347
0.017,30,0.1,0.16974427
0.018,30,0.1,0.176640255
0.019,30,0.1,0.183345406
0.011,30,0.11,0.125363753
0.012,30,0.11,0.133541942
0.013,30,0.11,0.141519581
0.014,30,0.11,0.149304816
0.015,30,0.11,0.156902393
0.016,30,0.11,0.164314632
0.017,30,0.11,0.171542152
0.018,30,0.11,0.178584422
0.019,30,0.11,0.185440207
0.011,30,0.12,0.126289082
0.012,30,0.12,0.134572838
0.013,30,0.12,0.142660641
0.014,30,0.12,0.150560783
0.015,30,0.12,0.1582781
0.016,30,0.12,0.165814939
0.017,30,0.12,0.173171866
0.018,30,0.12,0.180348208
0.019,30,0.12,0.187342494
0.011,30,0.13,0.127131045
0.012,30,0.13,0.135510969
0.013,30,0.13,0.143699212
0.014,30,0.13,0.151704232
0.015,30,0.13,0.159530992
0.016,30,0.13,0.167181907
0.017,30,0.13,0.174657549
0.018,30,0.13,0.181957176
0.019,30,0.13,0.189079164
0.011,30,0.14,0.127901458
0.012,30,0.14,0.136369426
0.013,30,0.14,0.144649681
0.014,30,0.14,0.152750863
0.015,30,0.14,0.160678077
0.016,30,0.14,0.168433843
0.017,30,0.14,0.176018779
0.018,30,0.14,0.183432131
0.019,30,0.14,0.190672185
0.011,30,0.15,0.128609901
0.012,30,0.15,0.137158838
0.013,30,0.15,0.145523751
0.014,30,0.15,0.153713465
0.015,30,0.15,0.161733244
0.016,30,0.15,0.169585731
0.017,30,0.15,0.177271625
0.018,30,0.15,0.184790197
0.019,30,0.15,0.192139701
0.011,30,0.16,0.12926424
0.012,30,0.16,0.137887942
0.013,30,0.16,0.146331052
0.014,30,0.16,0.154602582
0.015,30,0.16,0.162707961
0.016,30,0.16,0.170649971
0.017,30,0.16,0.178429411
0.018,30,0.16,0.186045614
0.019,30,0.16,0.193496837
0.011,30,0.17,0.129871
0.012,30,0.17,0.138563995
0.013,30,0.17,0.147079594
0.014,30,0.17,0.155426993
0.015,30,0.17,0.163611793
0.016,30,0.17,0.17163692
0.017,30,0.17,0.179503295
0.018,30,0.17,0.18721033
0.019,30,0.17,0.194756318
0.011,30,0.18,0.130435652
0.012,30,0.18,0.139193084
0.013,30,0.18,0.1477761
0.014,30,0.18,0.156194078
0.015,30,0.18,0.164452788
0.016,30,0.18,0.172555312
0.017,30,0.18,0.180502696
0.018,30,0.18,0.188294451
0.019,30,0.18,0.195928933
0.011,30,0.19,0.130962821
0.012,30,0.19,0.139780357
0.013,30,0.19,0.148426261
0.014,30,0.19,0.156910088
0.015,30,0.19,0.165237777
0.016,30,0.19,0.173412562
0.017,30,0.19,0.181435627
0.018,30,0.19,0.189306592
0.019,30,0.19,0.197023893
0.011,30,0.2,0.131456444
0.012,30,0.2,0.140330203
0.013,30,0.2,0.149034935
0.014,30,0.2,0.157580364
0.015,30,0.2,0.165972595
0.016,30,0.2,0.174215017
0.017,30,0.2,0.182308954
0.018,30,0.2,0.190254145
0.019,30,0.2,0.198049117
0.011,35,0,0.08332021
0.012,35,0,0.087933493
0.013,35,0,0.092370841
0.014,35,0,0.096648955
0.015,35,0,0.100782009
0.016,35,0,0.104782259
0.017,35,0,0.108660449
0.018,35,0,0.112426081
0.019,35,0,0.116087607
0.011,35,0.01,0.089010203
0.012,35,0.01,0.094090209
0.013,35,0.01,0.098970943
0.014,35,0.01,0.103666329
0.015,35,0.01,0.108188318
0.016,35,0.01,0.11254756
0.017,35,0.01,0.116753813
0.018,35,0.01,0.120816197
0.019,35,0.01,0.124743332
0.011,35,0.02,0.093010261
0.012,35,0.02,0.098465408
0.013,35,0.02,0.103714787
0.014,35,0.02,0.108769825
0.015,35,0.02,0.113640058
0.016,35,0.02,0.118333892
0.017,35,0.02,0.122859096
0.018,35,0.02,0.127223115
0.019,35,0.02,0.131433249
0.011,35,0.03,0.096043639
0.012,35,0.03,0.101804204
0.013,35,0.03,0.107359538
0.014,35,0.03,0.1127193
0.015,35,0.03,0.11789114
0.016,35,0.03,0.122881526
0.017,35,0.03,0.127696315
0.018,35,0.03,0.132341127
0.019,35,0.03,0.136821594
0.011,35,0.04,0.098455461
0.012,35,0.04,0.104469431
0.013,35,0.04,0.110281771
0.014,35,0.04,0.115900984
0.015,35,0.04,0.121333386
0.016,35,0.04,0.126583974
0.017,35,0.04,0.131657037
0.018,35,0.04,0.136556591
0.019,35,0.04,0.141286676
0.011,35,0.05,0.100436993
0.012,35,0.05,0.106664916
0.013,35,0.05,0.11269609
0.014,35,0.05,0.118538301
0.015,35,0.05,0.124196974
0.016,35,0.05,0.129676051
0.017,35,0.05,0.134978627
0.018,35,0.05,0.140107419
0.019,35,0.05,0.145065106
0.011,35,0.06,0.102104907
0.012,35,0.06,0.108516216
0.013,35,0.06,0.114736086
0.014,35,0.06,0.120771891
0.015,35,0.06,0.126628486
0.016,35,0.06,0.132309089
0.017,35,0.06,0.137815925
0.018,35,0.06,0.143150712
0.019,35,0.06,0.148315021
0.011,35,0.07,0.103535335
0.012,35,0.07,0.110105866
0.013,35,0.07,0.116490281
0.014,35,0.07,0.122695747
0.015,35,0.07,0.128726782
0.016,35,0.07,0.134586128
0.017,35,0.07,0.140275399
0.018,35,0.07,0.145795566
0.019,35,0.07,0.151147338
0.011,35,0.08,0.104780519
0.012,35,0.08,0.111490824
0.013,35,0.08,0.118020148
0.014,35,0.08,0.124375589
0.015,35,0.08,0.130561491
0.016,35,0.08,0.136580304
0.017,35,0.08,0.142433227
0.018,35,0.08,0.148120693
0.019,35,0.08,0.153642757
0.011,35,0.09,0.10587774
0.012,35,0.09,0.112711918
0.013,35,0.09,0.119369972
0.014,35,0.09,0.125859023
0.015,35,0.09,0.13218335
0.016,35,0.09,0.138345247
0.017,35,0.09,0.144345649
0.018,35,0.09,0.150184614
0.019,35,0.09,0.155861712
0.011,35,0.1,0.106854454
0.012,35,0.1,0.113799324
0.013,35,0.1,0.120572614
0.014,35,0.1,0.127181527
0.015,35,0.1,0.133630359
0.016,35,0.1,0.139921339
0.017,35,0.1,0.146055251
0.018,35,0.1,0.152031908
0.019,35,0.1,0.15785053
0.011,35,0.11,0.107731413
0.012,35,0.11,0.114775914
0.013,35,0.11,0.121653063
0.014,35,0.11,0.128370182
0.015,35,0.11,0.134931637
0.016,35,0.11,0.141339662
0.017,35,0.11,0.147594972
0.018,35,0.11,0.153697231
0.019,35,0.11,0.159645421
0.011,35,0.12,0.108524644
0.012,35,0.12,0.115659396
0.013,35,0.12,0.122630716
0.014,35,0.12,0.129446073
0.015,35,0.12,0.136109935
0.016,35,0.12,0.14262459
0.017,35,0.12,0.148990746
0.018,35,0.12,0.155207991
0.019,35,0.12,0.161275155
0.011,35,0.13,0.109246759
0.012,35,0.13,0.116463727
0.013,35,0.13,0.123520898
0.014,35,0.13,0.130425897
0.015,35,0.13,0.13718332
0.016,35,0.13,0.143795542
0.017,35,0.13,0.150263308
0.018,35,0.13,0.156586186
0.019,35,0.13,0.16276292
0.011,35,0.14,0.10990784
0.012,35,0.14,0.117200087
0.013,35,0.14,0.124335903
0.014,35,0.14,0.13132308
0.015,35,0.14,0.138166355
0.016,35,0.14,0.144868212
0.017,35,0.14,0.151429464
0.018,35,0.14,0.157849703
0.019,35,0.14,0.164127637
0.011,35,0.15,0.110516062
0.012,35,0.15,0.117877549
0.013,35,0.15,0.125085727
0.014,35,0.15,0.132148556
0.015,35,0.15,0.139070923
0.016,35,0.15,0.145855433
0.017,35,0.15,0.152502995
0.018,35,0.15,0.159013251
0.019,35,0.15,0.165384915
0.011,35,0.16,0.111078132
0.012,35,0.16,0.118503567
0.013,35,0.16,0.125778592
0.014,35,0.16,0.132911333
0.015,35,0.16,0.139906829
0.016,35,0.16,0.14676782
0.017,35,0.16,0.153495322
0.018,35,0.16,0.160089052
0.019,35,0.16,0.16654776
0.011,35,0.17,0.111599619
0.012,35,0.17,0.119084334
0.013,35,0.17,0.126421334
0.014,35,0.17,0.133618909
0.015,35,0.17,0.14068225
0.016,35,0.17,0.147614236
0.017,35,0.17,0.154416001
0.018,35,0.17,0.161087352
0.019,35,0.17,0.1676271
0.011,35,0.18,0.112085184
0.012,35,0.18,0.11962504
0.013,35,0.18,0.12701969
0.014,35,0.18,0.134277582
0.015,35,0.18,0.141404061
0.016,35,0.18,0.148402145
0.017,35,0.18,0.155273093
0.018,35,0.18,0.162016814
0.019,35,0.18,0.168632195
0.011,35,0.19,0.11253877
0.012,35,0.19,0.120130076
0.013,35,0.19,0.127578516
0.014,35,0.19,0.134892691
0.015,35,0.19,0.142078095
0.016,35,0.19,0.149137888
0.017,35,0.19,0.156073454
0.018,35,0.19,0.162884815
0.019,35,0.19,0.169570945
0.011,35,0.2,0.112963735
0.012,35,0.2,0.120603184
0.013,35,0.2,0.128101952
0.014,35,0.2,0.135468789
0.015,35,0.2,0.142709333
0.016,35,0.2,0.149826884
0.017,35,0.2,0.156822955
0.018,35,0.2,0.163697682
0.019,35,0.2,0.170450135
0.011,40,0,0.073107847
0.012,40,0,0.077161667
0.013,40,0,0.081062039
0.014,40,0,0.084823513
0.015,40,0,0.088458424
0.016,40,0,0.091977436
0.017,40,0,0.095389899
0.018,40,0,0.098704089
0.019,40,0,0.101927369
0.011,40,0.01,0.078081957
0.012,40,0.01,0.082547234
0.013,40,0.01,0.086839378
0.014,40,0.01,0.090970462
0.015,40,0.01,0.094950809
0.016,40,0.01,0.098789593
0.017,40,0.01,0.102495201
0.018,40,0.01,0.106075469
0.019,40,0.01,0.109537801
0.011,40,0.02,0.08157643
0.012,40,0.02,0.086371352
0.013,40,0.02,0.090988015
0.014,40,0.02,0.095436331
0.015,40,0.02,0.099724517
0.016,40,0.02,0.103859769
0.017,40,0.02,0.1078487
0.018,40,0.02,0.111697631
0.019,40,0.02,0.115412746
0.011,40,0.03,0.084225391
0.012,40,0.03,0.089288127
0.013,40,0.03,0.094173467
0.014,40,0.03,0.098889826
0.015,40,0.03,0.103443811
0.016,40,0.03,0.107840948
0.017,40,0.03,0.112086188
0.018,40,0.03,0.116184245
0.019,40,0.03,0.120139824
0.011,40,0.04,0.086331138
0.012,40,0.04,0.091615746
0.013,40,0.04,0.096726377
0.014,40,0.04,0.10167049
0.015,40,0.04,0.106453574
0.016,40,0.04,0.11107991
0.017,40,0.04,0.115553114
0.018,40,0.04,0.119876517
0.019,40,0.04,0.124053437
0.011,40,0.05,0.088061071
0.012,40,0.05,0.093532799
0.013,40,0.05,0.098835001
0.014,40,0.05,0.103974557
0.015,40,0.05,0.108956226
0.016,40,0.05,0.113783415
0.017,40,0.05,0.118458739
0.018,40,0.05,0.122984432
0.019,40,0.05,0.127362645
0.011,40,0.06,0.08951723
0.012,40,0.06,0.095149211
0.013,40,0.06,0.100616428
0.014,40,0.06,0.105925441
0.015,40,0.06,0.111080558
0.016,40,0.06,0.116084599
0.017,40,0.06,0.120939465
0.018,40,0.06,0.125646556
0.019,40,0.06,0.130207099
0.011,40,0.07,0.09076616
0.012,40,0.07,0.096537192
0.013,40,0.07,0.102148186
0.014,40,0.07,0.107605558
0.015,40,0.07,0.112913359
0.016,40,0.07,0.118074038
0.017,40,0.07,0.123089003
0.018,40,0.07,0.127959049
0.019,40,0.07,0.132684687
0.011,40,0.08,0.091853501
0.012,40,0.08,0.097746542
0.013,40,0.08,0.103484077
0.014,40,0.08,0.109072489
0.015,40,0.08,0.114515708
0.016,40,0.08,0.119815966
0.017,40,0.08,0.124974351
0.018,40,0.08,0.129991229
0.019,40,0.08,0.134866582
0.011,40,0.09,0.09281181
0.012,40,0.09,0.098812943
0.013,40,0.09,0.104662835
0.014,40,0.09,0.11036791
0.015,40,0.09,0.115932073
0.016,40,0.09,0.121357447
0.017,40,0.09,0.126644926
0.018,40,0.09,0.131794591
0.019,40,0.09,0.136806038
0.011,40,0.1,0.093665052
0.012,40,0.1,0.099762753
0.013,40,0.1,0.105713187
0.014,40,0.1,0.111522869
0.015,40,0.1,0.117195738
0.016,40,0.1,0.122733892
0.017,40,0.1,0.128138123
0.018,40,0.1,0.133408331
0.019,40,0.1,0.138543847
0.011,40,0.11,0.094431336
0.012,40,0.11,0.100615941
0.013,40,0.11,0.106656965
0.014,40,0.11,0.112561043
0.015,40,0.11,0.118332193
0.016,40,0.11,0.123972538
0.017,40,0.11,0.129482838
0.018,40,0.11,0.134862893
0.019,40,0.11,0.140111862
0.011,40,0.12,0.095124644
0.012,40,0.12,0.101387962
0.013,40,0.12,0.107511112
0.014,40,0.12,0.113500862
0.015,40,0.12,0.119361338
0.016,40,0.12,0.125094727
0.017,40,0.12,0.130701806
0.018,40,0.12,0.136182336
0.019,40,0.12,0.141535374
0.011,40,0.13,0.095755974
0.012,40,0.13,0.102090998
0.013,40,0.13,0.108289005
0.014,40,0.13,0.114356915
0.015,40,0.13,0.120298972
0.016,40,0.13,0.126117455
0.017,40,0.13,0.131813195
0.018,40,0.13,0.137385957
0.019,40,0.13,0.142834751
0.011,40,0.14,0.096334118
0.012,40,0.14,0.102734796
0.013,40,0.14,0.109001375
0.014,40,0.14,0.115140923
0.015,40,0.14,0.121157818
0.016,40,0.14,0.127054448
0.017,40,0.14,0.132831718
0.018,40,0.14,0.138489434
0.019,40,0.14,0.144026599
0.011,40,0.15,0.096866201
0.012,40,0.15,0.103327272
0.013,40,0.15,0.109656942
0.014,40,0.15,0.115862432
0.015,40,0.15,0.121948258
0.016,40,0.15,0.127916925
0.017,40,0.15,0.133769433
0.018,40,0.15,0.13950565
0.019,40,0.15,0.145124606
0.011,40,0.16,0.097358072
0.012,40,0.16,0.103874923
0.013,40,0.16,0.110262877
0.014,40,0.16,0.116529302
0.015,40,0.16,0.122678853
0.016,40,0.16,0.12871416
0.017,40,0.16,0.134636328
0.018,40,0.16,0.140445306
0.019,40,0.16,0.146140172
0.011,40,0.17,0.09781458
0.012,40,0.17,0.104383147
0.013,40,0.17,0.11082514
0.014,40,0.17,0.117148073
0.015,40,0.17,0.123356738
0.016,40,0.17,0.129453893
0.017,40,0.17,0.135440755
0.018,40,0.17,0.141317365
0.019,40,0.17,0.147082868
0.011,40,0.18,0.09823979
0.012,40,0.18,0.104856469
0.013,40,0.18,0.111348734
0.014,40,0.18,0.117724239
0.015,40,0.18,0.123987913
0.016,40,0.18,0.130142642
0.017,40,0.18,0.136189758
0.018,40,0.18,0.142129402
0.019,40,0.18,0.147960798
0.011,40,0.19,0.098637135
0.012,40,0.19,0.105298713
0.013,40,0.19,0.111837889
0.014,40,0.19,0.118262453
0.015,40,0.19,0.124577465
0.016,40,0.19,0.130785938
0.017,40,0.19,0.136889323
0.018,40,0.19,0.142887865
0.019,40,0.19,0.148780875
0.011,40,0.2,0.099009542
0.012,40,0.2,0.10571314
0.013,40,0.2,0.112296214
0.014,40,0.2,0.118766684
0.015,40,0.2,0.125129738
0.016,40,0.2,0.131388512
0.017,40,0.2,0.137544575
0.018,40,0.2,0.143598279
0.019,40,0.2,0.149549031
0.011,45,0,0.065123642
0.012,45,0,0.068738787
0.013,45,0,0.072217882
0.014,45,0,0.075573813
0.015,45,0,0.078817499
0.016,45,0,0.081958378
0.017,45,0,0.085004726
0.018,45,0,0.087963868
0.019,45,0,0.09084233
0.011,45,0.01,0.069540905
0.012,45,0.01,0.073523786
0.013,45,0.01,0.077353627
0.014,45,0.01,0.081041085
0.015,45,0.01,0.08459525
0.016,45,0.01,0.088024173
0.017,45,0.01,0.091335212
0.018,45,0.01,0.094535227
0.019,45,0.01,0.097630709
0.011,45,0.02,0.072642431
0.012,45,0.02,0.076919177
0.013,45,0.02,0.081038703
0.014,45,0.02,0.08500977
0.015,45,0.02,0.088839598
0.016,45,0.02,0.092534478
0.017,45,0.02,0.096100168
0.018,45,0.02,0.099542151
0.019,45,0.02,0.102865791
0.011,45,0.03,0.074992725
0.012,45,0.03,0.079507816
0.013,45,0.03,0.083866719
0.014,45,0.03,0.088076897
0.015,45,0.03,0.09214417
0.016,45,0.03,0.096073364
0.017,45,0.03,0.099868766
0.018,45,0.03,0.103534435
0.019,45,0.03,0.107074402
0.011,45,0.04,0.076860685
0.012,45,0.04,0.081572998
0.013,45,0.04,0.08613234
0.014,45,0.04,0.090545359
0.015,45,0.04,0.094816917
0.016,45,0.04,0.098950766
0.017,45,0.04,0.102950031
0.018,45,0.04,0.106817558
0.019,45,0.04,0.110556154
0.011,45,0.05,0.078395118
0.012,45,0.05,0.083273615
0.013,45,0.05,0.088003211
0.014,45,0.05,0.092590074
0.015,45,0.05,0.097038452
0.016,45,0.05,0.101351352
0.017,45,0.05,0.105531045
0.018,45,0.05,0.109579425
0.019,45,0.05,0.113498284
0.011,45,0.06,0.079686682
0.012,45,0.06,0.084707406
0.013,45,0.06,0.089583532
0.014,45,0.06,0.094320974
0.015,45,0.06,0.098923607
0.016,45,0.06,0.103393952
0.017,45,0.06,0.107733675
0.018,45,0.06,0.111943962
0.019,45,0.06,0.116025809
0.011,45,0.07,0.080794471
0.012,45,0.07,0.08593854
0.013,45,0.07,0.090942255
0.014,45,0.07,0.095811421
0.015,45,0.07,0.100549712
0.016,45,0.07,0.105159349
0.017,45,0.07,0.10964159
0.018,45,0.07,0.113997114
0.019,45,0.07,0.118226314
0.011,45,0.08,0.081758997
0.012,45,0.08,0.087011253
0.013,45,0.08,0.092127202
0.014,45,0.08,0.097112638
0.015,45,0.08,0.101971152
0.016,45,0.08,0.106704794
0.017,45,0.08,0.111314566
0.018,45,0.08,0.115800797
0.019,45,0.08,0.120163437
0.011,45,0.09,0.08260915
0.012,45,0.09,0.087957224
0.013,45,0.09,0.093172786
0.014,45,0.09,0.098261683
0.015,45,0.09,0.103227498
0.016,45,0.09,0.108072208
0.017,45,0.09,0.112796667
0.018,45,0.09,0.117400974
0.019,45,0.09,0.121884768
0.011,45,0.1,0.083366189
0.012,45,0.1,0.088799846
0.013,45,0.1,0.094104519
0.014,45,0.1,0.099286144
0.015,45,0.1,0.104348353
0.016,45,0.1,0.109293113
0.017,45,0.1,0.11412121
0.018,45,0.1,0.118832607
0.019,45,0.1,0.123426731
0.011,45,0.11,0.084046174
0.012,45,0.11,0.089556838
0.013,45,0.11,0.094941782
0.014,45,0.11,0.100207057
0.015,45,0.11,0.105356373
0.016,45,0.11,0.110391739
0.017,45,0.11,0.115313927
0.018,45,0.11,0.120122833
0.019,45,0.11,0.124817754
0.011,45,0.12,0.084661502
0.012,45,0.12,0.090241909
0.013,45,0.12,0.095699609
0.014,45,0.12,0.101040782
0.015,45,0.12,0.106269241
0.016,45,0.12,0.111387064
0.017,45,0.12,0.116395052
0.018,45,0.12,0.121293086
0.019,45,0.12,0.126080389
0.011,45,0.13,0.085221923
0.012,45,0.13,0.090865859
0.013,45,0.13,0.096389869
0.014,45,0.13,0.101800269
0.015,45,0.13,0.107100988
0.016,45,0.13,0.112294193
0.017,45,0.13,0.117380746
0.018,45,0.13,0.122360543
0.019,45,0.13,0.127232789
0.011,45,0.14,0.085735228
0.012,45,0.14,0.091437332
0.013,45,0.14,0.097022078
0.014,45,0.14,0.102495921
0.015,45,0.14,0.107862911
0.016,45,0.14,0.11312532
0.017,45,0.14,0.118284086
0.018,45,0.14,0.123339157
0.019,45,0.14,0.128289743
0.011,45,0.15,0.086207734
0.012,45,0.15,0.091963342
0.013,45,0.15,0.097603968
0.014,45,0.15,0.103136202
0.015,45,0.15,0.10856422
0.016,45,0.15,0.113890406
0.017,45,0.15,0.119115791
0.018,45,0.15,0.124240386
0.019,45,0.15,0.129263439
0.011,45,0.16,0.08664462
0.012,45,0.16,0.092449651
0.013,45,0.16,0.098141897
0.014,45,0.16,0.103728083
0.015,45,0.16,0.109212513
0.016,45,0.16,0.114597685
0.017,45,0.16,0.119884729
0.018,45,0.16,0.125073739
0.019,45,0.16,0.130164016
0.011,45,0.17,0.087050186
0.012,45,0.17,0.092901039
0.013,45,0.17,0.098641147
0.014,45,0.17,0.104277363
0.015,45,0.17,0.109814118
0.016,45,0.17,0.115254024
0.017,45,0.17,0.120598318
0.018,45,0.17,0.125847182
0.019,45,0.17,0.130999986
0.011,45,0.18,0.08742803
0.012,45,0.18,0.093321515
0.013,45,0.18,0.09910615
0.014,45,0.18,0.104788912
0.015,45,0.18,0.110374354
0.016,45,0.18,0.115865205
0.017,45,0.18,0.121262809
0.018,45,0.18,0.126567441
0.019,45,0.18,0.131778552
0.011,45,0.19,0.087781194
0.012,45,0.19,0.093714469
0.013,45,0.19,0.099540656
0.014,45,0.19,0.105266853
0.015,45,0.19,0.110897731
0.016,45,0.19,0.116436134
0.017,45,0.19,0.121883513
0.018,45,0.19,0.127240242
0.019,45,0.19,0.132505854
0.011,45,0.2,0.08811227
0.012,45,0.2,0.094082788
0.013,45,0.2,0.099947861
0.014,45,0.2,0.105714704
0.015,45,0.2,0.111388099
0.016,45,0.2,0.116971004
0.017,45,0.2,0.122464975
0.018,45,0.2,0.127870487
0.019,45,0.2,0.133187162
0.011,50,0,0.058710535
0.012,50,0,0.061972535
0.013,50,0,0.065112342
0.014,50,0,0.068141521
0.015,50,0,0.071069866
0.016,50,0,0.073905841
0.017,50,0,0.076656867
0.018,50,0,0.079329517
0.019,50,0,0.081929646
0.011,50,0.01,0.062682525
0.012,50,0.01,0.066276853
0.013,50,0.01,0.069734064
0.014,50,0.01,0.073063699
0.015,50,0.01,0.076273874
0.016,50,0.01,0.079371769
0.017,50,0.01,0.082363929
0.018,50,0.01,0.08525646
0.019,50,0.01,0.088055133
0.011,50,0.02,0.065470085
0.012,50,0.02,0.069329434
0.013,50,0.02,0.073048174
0.014,50,0.02,0.076634153
0.015,50,0.02,0.080093815
0.016,50,0.02,0.083432748
0.017,50,0.02,0.086656047
0.018,50,0.02,0.089768556
0.019,50,0.02,0.092775005
0.011,50,0.03,0.067581838
0.012,50,0.03,0.071655848
0.013,50,0.03,0.07559036
0.014,50,0.03,0.079392084
0.015,50,0.03,0.083066222
0.016,50,0.03,0.086617061
0.017,50,0.03,0.090048382
0.018,50,0.03,0.093363746
0.019,50,0.03,0.096566674
0.011,50,0.04,0.06925991
0.012,50,0.04,0.07351137
0.013,50,0.04,0.07762635
0.014,50,0.04,0.081610851
0.015,50,0.04,0.08546924
0.016,50,0.04,0.08920486
0.017,50,0.04,0.092820466
0.018,50,0.04,0.09631854
0.019,50,0.04,0.09970151
0.011,50,0.05,0.070638221
0.012,50,0.05,0.075039096
0.013,50,0.05,0.079307232
0.014,50,0.05,0.08344822
0.015,50,0.05,0.087465901
0.016,50,0.05,0.091362971
0.017,50,0.05,0.095141439
0.018,50,0.05,0.098802951
0.019,50,0.05,0.10234904
0.011,50,0.06,0.071798323
0.012,50,0.06,0.076327002
0.013,50,0.06,0.080726862
0.014,50,0.06,0.085003284
0.015,50,0.06,0.089159796
0.016,50,0.06,0.093198678
0.017,50,0.06,0.09712142
0.018,50,0.06,0.100929053
0.019,50,0.06,0.104622412
0.011,50,0.07,0.072793354
0.012,50,0.07,0.077432823
0.013,50,0.07,0.081947317
0.014,50,0.07,0.086342137
0.015,50,0.07,0.090620646
0.016,50,0.07,0.094784875
0.017,50,0.07,0.09883597
0.018,50,0.07,0.102774526
0.019,50,0.07,0.106600859
0.011,50,0.08,0.07365973
0.012,50,0.08,0.078396342
0.013,50,0.08,0.083011631
0.014,50,0.08,0.087510902
0.015,50,0.08,0.091897457
0.016,50,0.08,0.096173193
0.017,50,0.08,0.100339041
0.018,50,0.08,0.104395305
0.019,50,0.08,0.108341923
0.011,50,0.09,0.074423414
0.012,50,0.09,0.079246041
0.013,50,0.09,0.083950761
0.014,50,0.09,0.088542935
0.015,50,0.09,0.093025872
0.016,50,0.09,0.097401415
0.017,50,0.09,0.101670381
0.018,50,0.09,0.105832886
0.019,50,0.09,0.109888606
0.011,50,0.1,0.075103506
0.012,50,0.1,0.080002946
0.013,50,0.1,0.084787646
0.014,50,0.1,0.089463057
0.015,50,0.1,0.094032538
0.016,50,0.1,0.09849794
0.017,50,0.1,0.102860029
0.018,50,0.1,0.107118817
0.019,50,0.1,0.111273807
0.011,50,0.11,0.075714432
0.012,50,0.11,0.080682977
0.013,50,0.11,0.085539709
0.014,50,0.11,0.090290185
0.015,50,0.11,0.094937846
0.016,50,0.11,0.099484585
0.017,50,0.11,0.103931173
0.018,50,0.11,0.108277572
0.019,50,0.11,0.112523185
0.011,50,0.12,0.076267325
0.012,50,0.12,0.081298451
0.013,50,0.12,0.08622046
0.014,50,0.12,0.09103903
0.015,50,0.12,0.0957577
0.016,50,0.12,0.100378434
0.017,50,0.12,0.104902038
0.018,50,0.12,0.10932847
0.019,50,0.12,0.113657086
0.011,50,0.13,0.076770941
0.012,50,0.13,0.081859067
0.013,50,0.13,0.086840563
0.014,50,0.13,0.091721232
0.015,50,0.13,0.096504718
0.016,50,0.13,0.101193076
0.017,50,0.13,0.105787171
0.018,50,0.13,0.11028699
0.019,50,0.13,0.114691878
0.011,50,0.14,0.077232274
0.012,50,0.14,0.08237259
0.013,50,0.14,0.087408567
0.014,50,0.14,0.092346136
0.015,50,0.14,0.097189055
0.016,50,0.14,0.101939477
0.017,50,0.14,0.106598344
0.018,50,0.14,0.111165693
0.019,50,0.14,0.11564089
0.011,50,0.15,0.077656995
0.012,50,0.15,0.082845315
0.013,50,0.15,0.087931415
0.014,50,0.15,0.092921348
0.015,50,0.15,0.09781899
0.016,50,0.15,0.102626596
0.017,50,0.15,0.107345196
0.018,50,0.15,0.111974896
0.019,50,0.15,0.1165151
0.011,50,0.16,0.078049755
0.012,50,0.16,0.083282416
0.013,50,0.16,0.088414816
0.014,50,0.16,0.093453129
0.015,50,0.16,0.098401347
0.016,50,0.16,0.103261831
0.017,50,0.16,0.108035706
0.018,50,0.16,0.112723154
0.019,50,0.16,0.117323638
0.011,50,0.17,0.078414409
0.012,50,0.17,0.083688184
0.013,50,0.17,0.088863513
0.014,50,0.17,0.093946686
0.015,50,0.17,0.098941811
0.016,50,0.17,0.103851354
0.017,50,0.17,0.108676539
0.018,50,0.17,0.113417633
0.019,50,0.17,0.118074165
0.011,50,0.18,0.07875419
0.012,50,0.18,0.084066218
0.013,50,0.18,0.089281484
0.014,50,0.18,0.094406393
0.015,50,0.18,0.09944516
0.016,50,0.18,0.10440036
0.017,50,0.18,0.109273315
0.018,50,0.18,0.114064381
0.019,50,0.18,0.118773162
0.011,50,0.19,0.079071827
0.012,50,0.19,0.084419558
0.013,50,0.19,0.089672095
0.014,50,0.19,0.094835949
0.015,50,0.19,0.099915443
0.016,50,0.19,0.104913255
0.017,50,0.19,0.109830806
0.018,50,0.19,0.114668543
0.019,50,0.19,0.119426151
0.011,50,0.2,0.079369645
0.012,50,0.2,0.084750797
0.013,50,0.2,0.090038215
0.014,50,0.2,0.095238512
0.015,50,0.2,0.100356115
0.016,50,0.2,0.105393803
0.017,50,0.2,0.110353094
0.018,50,0.2,0.115234527
0.019,50,0.2,0.12003787